"name","year","quarter","growth","dervgrowth"
"Ruby",2022,1,-44349,-26921
"Ruby",2021,4,-17428,-2830
"Ruby",2021,3,-14598,-8770
"Ruby",2021,2,-5828,-11148
"Ruby",2021,1,5320,-2347
"Ruby",2020,4,7667,16886
"Ruby",2020,3,-9219,-11115
"Ruby",2020,2,1896,1895
"Ruby",2020,1,1,-14642
"Ruby",2019,4,14643,17450
"Ruby",2019,3,-2807,-1956
"Ruby",2019,2,-851,-3911
"Ruby",2019,1,3060,2017
"Ruby",2018,4,1043,5524
"Ruby",2018,3,-4481,13858
"Ruby",2018,2,-18339,-10030
"Ruby",2018,1,-8309,-3408
"Ruby",2017,4,-4901,5266
"Ruby",2017,3,-10167,-7668
"Ruby",2017,2,-2499,-12815
"Ruby",2017,1,10316,9278
"Ruby",2016,4,1038,10413
"Ruby",2016,3,-9375,19796
"Ruby",2016,2,-29171,-42022
"Ruby",2016,1,12851,-8169
"Ruby",2015,4,21020,13432
"Ruby",2015,3,7588,3374
"Ruby",2015,2,4214,-13492
"Ruby",2015,1,17706,10651
"Ruby",2014,4,7055,452
"Ruby",2014,3,6603,-738
"Ruby",2014,2,7341,-3113
"Ruby",2014,1,10454,4515
"Ruby",2013,4,5939,2391
"Ruby",2013,3,3548,98
"Ruby",2013,2,3450,-4467
"Ruby",2013,1,7917,3226
"Ruby",2012,4,4691,3863
"Ruby",2012,3,828,22163
"Ruby",2012,2,-21335,-56239
"Ruby",2012,1,34904,32489
"Ruby",2011,4,2415,0
"Ruby",2011,3,0,0
"PHP",2022,1,-37756,-28869
"PHP",2021,4,-8887,-4349
"PHP",2021,3,-4538,-456
"PHP",2021,2,-4082,2771
"PHP",2021,1,-6853,-11979
"PHP",2020,4,5126,11193
"PHP",2020,3,-6067,-10272
"PHP",2020,2,4205,5974
"PHP",2020,1,-1769,-7793
"PHP",2019,4,6024,9810
"PHP",2019,3,-3786,-3977
"PHP",2019,2,191,-979
"PHP",2019,1,1170,-1497
"PHP",2018,4,2667,5640
"PHP",2018,3,-2973,16809
"PHP",2018,2,-19782,1051
"PHP",2018,1,-20833,-18750
"PHP",2017,4,-2083,2501
"PHP",2017,3,-4584,4140
"PHP",2017,2,-8724,-19785
"PHP",2017,1,11061,4369
"PHP",2016,4,6692,17205
"PHP",2016,3,-10513,-7449
"PHP",2016,2,-3064,-13158
"PHP",2016,1,10094,-2727
"PHP",2015,4,12821,5704
"PHP",2015,3,7117,2217
"PHP",2015,2,4900,-13186
"PHP",2015,1,18086,14613
"PHP",2014,4,3473,-2827
"PHP",2014,3,6300,5719
"PHP",2014,2,581,-10315
"PHP",2014,1,10896,4134
"PHP",2013,4,6762,3711
"PHP",2013,3,3051,1157
"PHP",2013,2,1894,-4426
"PHP",2013,1,6320,6252
"PHP",2012,4,68,-2848
"PHP",2012,3,2916,5866
"PHP",2012,2,-2950,-17963
"PHP",2012,1,15013,13236
"PHP",2011,4,1777,0
"PHP",2011,3,0,0
"Python",2022,1,-129361,-93529
"Python",2021,4,-35832,-15352
"Python",2021,3,-20480,-13243
"Python",2021,2,-7237,-3978
"Python",2021,1,-3259,-2189
"Python",2020,4,-1070,17058
"Python",2020,3,-18128,-35617
"Python",2020,2,17489,19248
"Python",2020,1,-1759,-18902
"Python",2019,4,17143,28786
"Python",2019,3,-11643,-14287
"Python",2019,2,2644,-14935
"Python",2019,1,17579,21208
"Python",2018,4,-3629,-5653
"Python",2018,3,2024,36549
"Python",2018,2,-34525,-10804
"Python",2018,1,-23721,-14420
"Python",2017,4,-9301,-1329
"Python",2017,3,-7972,-19566
"Python",2017,2,11594,-23012
"Python",2017,1,34606,28809
"Python",2016,4,5797,7731
"Python",2016,3,-1934,-12299
"Python",2016,2,10365,-12369
"Python",2016,1,22734,12258
"Python",2015,4,10476,-9175
"Python",2015,3,19651,917
"Python",2015,2,18734,-8457
"Python",2015,1,27191,16632
"Python",2014,4,10559,2430
"Python",2014,3,8129,-570
"Python",2014,2,8699,-2475
"Python",2014,1,11174,1906
"Python",2013,4,9268,2529
"Python",2013,3,6739,-1818
"Python",2013,2,8557,745
"Python",2013,1,7812,3425
"Python",2012,4,4387,1755
"Python",2012,3,2632,3668
"Python",2012,2,-1036,-14608
"Python",2012,1,13572,11875
"Python",2011,4,1697,0
"Python",2011,3,0,0
"JavaScript",2022,1,-101316,-49272
"JavaScript",2021,4,-52044,-21117
"JavaScript",2021,3,-30927,-28331
"JavaScript",2021,2,-2596,2079
"JavaScript",2021,1,-4675,14856
"JavaScript",2020,4,-19531,-14419
"JavaScript",2020,3,-5112,-27695
"JavaScript",2020,2,22583,37225
"JavaScript",2020,1,-14642,-24190
"JavaScript",2019,4,9548,1735
"JavaScript",2019,3,7813,1725
"JavaScript",2019,2,6088,-3668
"JavaScript",2019,1,9756,15632
"JavaScript",2018,4,-5876,14652
"JavaScript",2018,3,-20528,42075
"JavaScript",2018,2,-62603,6175
"JavaScript",2018,1,-68778,-45917
"JavaScript",2017,4,-22861,8619
"JavaScript",2017,3,-31480,-22427
"JavaScript",2017,2,-9053,-25501
"JavaScript",2017,1,16448,6295
"JavaScript",2016,4,10153,12252
"JavaScript",2016,3,-2099,-20284
"JavaScript",2016,2,18185,-60429
"JavaScript",2016,1,78614,20356
"JavaScript",2015,4,58258,27905
"JavaScript",2015,3,30353,1919
"JavaScript",2015,2,28434,-7842
"JavaScript",2015,1,36276,22732
"JavaScript",2014,4,13544,-4170
"JavaScript",2014,3,17714,5349
"JavaScript",2014,2,12365,-8188
"JavaScript",2014,1,20553,7900
"JavaScript",2013,4,12653,4045
"JavaScript",2013,3,8608,3803
"JavaScript",2013,2,4805,-6671
"JavaScript",2013,1,11476,9390
"JavaScript",2012,4,2086,-1350
"JavaScript",2012,3,3436,1156
"JavaScript",2012,2,2280,-9291
"JavaScript",2012,1,11571,10121
"JavaScript",2011,4,1450,0
"JavaScript",2011,3,0,0
"Java",2022,1,-88076,-54411
"Java",2021,4,-33665,-23399
"Java",2021,3,-10266,-19692
"Java",2021,2,9426,27468
"Java",2021,1,-18042,-24236
"Java",2020,4,6194,14499
"Java",2020,3,-8305,-21512
"Java",2020,2,13207,-2564
"Java",2020,1,15771,7734
"Java",2019,4,8037,11440
"Java",2019,3,-3403,-7914
"Java",2019,2,4511,-9055
"Java",2019,1,13566,14686
"Java",2018,4,-1120,362
"Java",2018,3,-1482,21417
"Java",2018,2,-22899,3900
"Java",2018,1,-26799,-30121
"Java",2017,4,3322,20099
"Java",2017,3,-16777,-15372
"Java",2017,2,-1405,-13486
"Java",2017,1,12081,-1481
"Java",2016,4,13562,25613
"Java",2016,3,-12051,-17192
"Java",2016,2,5141,-12748
"Java",2016,1,17889,2070
"Java",2015,4,15819,9215
"Java",2015,3,6604,-13559
"Java",2015,2,20163,-1446
"Java",2015,1,21609,13378
"Java",2014,4,8231,2454
"Java",2014,3,5777,-2424
"Java",2014,2,8201,1824
"Java",2014,1,6377,-894
"Java",2013,4,7271,2782
"Java",2013,3,4489,3758
"Java",2013,2,731,-5224
"Java",2013,1,5955,3276
"Java",2012,4,2679,1577
"Java",2012,3,1102,1736
"Java",2012,2,-634,-7467
"Java",2012,1,6833,6065
"Java",2011,4,768,0
"Java",2011,3,0,0
"C++",2022,1,-48098,-34023
"C++",2021,4,-14075,-6649
"C++",2021,3,-7426,-3700
"C++",2021,2,-3726,1277
"C++",2021,1,-5003,-3907
"C++",2020,4,-1096,8334
"C++",2020,3,-9430,-16802
"C++",2020,2,7372,1147
"C++",2020,1,6225,5973
"C++",2019,4,252,2740
"C++",2019,3,-2488,-4007
"C++",2019,2,1519,-8968
"C++",2019,1,10487,14448
"C++",2018,4,-3961,-3337
"C++",2018,3,-624,9605
"C++",2018,2,-10229,-782
"C++",2018,1,-9447,-16227
"C++",2017,4,6780,6696
"C++",2017,3,84,-5020
"C++",2017,2,5104,-2971
"C++",2017,1,8075,4675
"C++",2016,4,3400,6457
"C++",2016,3,-3057,-5134
"C++",2016,2,2077,-8281
"C++",2016,1,10358,1066
"C++",2015,4,9292,6135
"C++",2015,3,3157,-2646
"C++",2015,2,5803,-1186
"C++",2015,1,6989,4189
"C++",2014,4,2800,-2055
"C++",2014,3,4855,1185
"C++",2014,2,3670,-1866
"C++",2014,1,5536,2240
"C++",2013,4,3296,1361
"C++",2013,3,1935,-768
"C++",2013,2,2703,1324
"C++",2013,1,1379,412
"C++",2012,4,967,496
"C++",2012,3,471,990
"C++",2012,2,-519,-4630
"C++",2012,1,4111,3461
"C++",2011,4,650,0
"C++",2011,3,0,0
"C",2022,1,-22640,-18904
"C",2021,4,-3736,316
"C",2021,3,-4052,-506
"C",2021,2,-3546,-4956
"C",2021,1,1410,-733
"C",2020,4,2143,8616
"C",2020,3,-6473,-9986
"C",2020,2,3513,1631
"C",2020,1,1882,2096
"C",2019,4,-214,504
"C",2019,3,-718,2082
"C",2019,2,-2800,-8304
"C",2019,1,5504,3416
"C",2018,4,2088,4709
"C",2018,3,-2621,1515
"C",2018,2,-4136,168
"C",2018,1,-4304,-5552
"C",2017,4,1248,1686
"C",2017,3,-438,711
"C",2017,2,-1149,-1568
"C",2017,1,419,-3764
"C",2016,4,4183,5662
"C",2016,3,-1479,-670
"C",2016,2,-809,-4836
"C",2016,1,4027,2042
"C",2015,4,1985,-2055
"C",2015,3,4040,824
"C",2015,2,3216,-1039
"C",2015,1,4255,1526
"C",2014,4,2729,835
"C",2014,3,1894,759
"C",2014,2,1135,-1924
"C",2014,1,3059,584
"C",2013,4,2475,1070
"C",2013,3,1405,1153
"C",2013,2,252,-1320
"C",2013,1,1572,872
"C",2012,4,700,-456
"C",2012,3,1156,796
"C",2012,2,360,-1634
"C",2012,1,1994,0
"C",2011,4,0,0
"Shell",2022,1,-15733,-11278
"Shell",2021,4,-4455,-366
"Shell",2021,3,-4089,-4852
"Shell",2021,2,763,-1101
"Shell",2021,1,1864,1257
"Shell",2020,4,607,4543
"Shell",2020,3,-3936,-7620
"Shell",2020,2,3684,3284
"Shell",2020,1,400,-599
"Shell",2019,4,999,2721
"Shell",2019,3,-1722,-1629
"Shell",2019,2,-93,-2054
"Shell",2019,1,1961,3811
"Shell",2018,4,-1850,-1910
"Shell",2018,3,60,6747
"Shell",2018,2,-6687,-5845
"Shell",2018,1,-842,4496
"Shell",2017,4,-5338,-5280
"Shell",2017,3,-58,1275
"Shell",2017,2,-1333,-4410
"Shell",2017,1,3077,-1088
"Shell",2016,4,4165,6445
"Shell",2016,3,-2280,-4095
"Shell",2016,2,1815,-707
"Shell",2016,1,2522,973
"Shell",2015,4,1549,-4801
"Shell",2015,3,6350,3140
"Shell",2015,2,3210,-510
"Shell",2015,1,3720,2458
"Shell",2014,4,1262,-1291
"Shell",2014,3,2553,1503
"Shell",2014,2,1050,657
"Shell",2014,1,393,-2353
"Shell",2013,4,2746,1753
"Shell",2013,3,993,1050
"Shell",2013,2,-57,-968
"Shell",2013,1,911,1051
"Shell",2012,4,-140,-875
"Shell",2012,3,735,1093
"Shell",2012,2,-358,-1637
"Shell",2012,1,1279,0
"Shell",2011,4,0,0
"C#",2022,1,-24239,-16311
"C#",2021,4,-7928,-4481
"C#",2021,3,-3447,-1081
"C#",2021,2,-2366,-680
"C#",2021,1,-1686,24
"C#",2020,4,-1710,2043
"C#",2020,3,-3753,-6956
"C#",2020,2,3203,2130
"C#",2020,1,1073,-2755
"C#",2019,4,3828,8281
"C#",2019,3,-4453,-6763
"C#",2019,2,2310,-2656
"C#",2019,1,4966,4657
"C#",2018,4,309,-138
"C#",2018,3,447,8738
"C#",2018,2,-8291,-192
"C#",2018,1,-8099,-6317
"C#",2017,4,-1782,9
"C#",2017,3,-1791,-1314
"C#",2017,2,-477,-8869
"C#",2017,1,8392,5896
"C#",2016,4,2496,2480
"C#",2016,3,16,-2576
"C#",2016,2,2592,1044
"C#",2016,1,1548,-4267
"C#",2015,4,5815,784
"C#",2015,3,5031,-189
"C#",2015,2,5220,-3544
"C#",2015,1,8764,6436
"C#",2014,4,2328,1006
"C#",2014,3,1322,-1272
"C#",2014,2,2594,2100
"C#",2014,1,494,-1893
"C#",2013,4,2387,1810
"C#",2013,3,577,-255
"C#",2013,2,832,-454
"C#",2013,1,1286,794
"C#",2012,4,492,438
"C#",2012,3,54,-228
"C#",2012,2,282,-978
"C#",2012,1,1260,0
"C#",2011,4,0,0
"Objective-C",2021,4,-1153,-959
"Objective-C",2021,3,-194,472
"Objective-C",2021,2,-666,-16
"Objective-C",2021,1,-650,-428
"Objective-C",2020,4,-222,156
"Objective-C",2020,3,-378,-413
"Objective-C",2020,2,35,396
"Objective-C",2020,1,-361,-146
"Objective-C",2019,4,-215,-200
"Objective-C",2019,3,-15,-476
"Objective-C",2019,2,461,19
"Objective-C",2019,1,442,1552
"Objective-C",2018,4,-1110,-869
"Objective-C",2018,3,-241,585
"Objective-C",2018,2,-826,1709
"Objective-C",2018,1,-2535,-1850
"Objective-C",2017,4,-685,533
"Objective-C",2017,3,-1218,-748
"Objective-C",2017,2,-470,21
"Objective-C",2017,1,-491,-510
"Objective-C",2016,4,19,1248
"Objective-C",2016,3,-1229,2981
"Objective-C",2016,2,-4210,-6648
"Objective-C",2016,1,2438,1772
"Objective-C",2015,4,666,-1032
"Objective-C",2015,3,1698,50
"Objective-C",2015,2,1648,-1215
"Objective-C",2015,1,2863,2895
"Objective-C",2014,4,-32,-18
"Objective-C",2014,3,-14,-369
"Objective-C",2014,2,355,-1549
"Objective-C",2014,1,1904,789
"Objective-C",2013,4,1115,265
"Objective-C",2013,3,850,247
"Objective-C",2013,2,603,-806
"Objective-C",2013,1,1409,1081
"Objective-C",2012,4,328,22
"Objective-C",2012,3,306,-268
"Objective-C",2012,2,574,-145
"Objective-C",2012,1,719,0
"Objective-C",2011,4,0,0
"Scala",2022,1,-14773,-13381
"Scala",2021,4,-1392,7184
"Scala",2021,3,-8576,-13040
"Scala",2021,2,4464,5312
"Scala",2021,1,-848,-6041
"Scala",2020,4,5193,8732
"Scala",2020,3,-3539,-2157
"Scala",2020,2,-1382,-2879
"Scala",2020,1,1497,1048
"Scala",2019,4,449,-2719
"Scala",2019,3,3168,2444
"Scala",2019,2,724,-1020
"Scala",2019,1,1744,2488
"Scala",2018,4,-744,-640
"Scala",2018,3,-104,3600
"Scala",2018,2,-3704,-2367
"Scala",2018,1,-1337,1583
"Scala",2017,4,-2920,-1399
"Scala",2017,3,-1521,-900
"Scala",2017,2,-621,-2703
"Scala",2017,1,2082,978
"Scala",2016,4,1104,1690
"Scala",2016,3,-586,-2103
"Scala",2016,2,1517,-2454
"Scala",2016,1,3971,3854
"Scala",2015,4,117,-156
"Scala",2015,3,273,-2045
"Scala",2015,2,2318,-367
"Scala",2015,1,2685,2744
"Scala",2014,4,-59,-2338
"Scala",2014,3,2279,224
"Scala",2014,2,2055,29
"Scala",2014,1,2026,1378
"Scala",2013,4,648,-497
"Scala",2013,3,1145,1192
"Scala",2013,2,-47,-779
"Scala",2013,1,732,1165
"Scala",2012,4,-433,-1042
"Scala",2012,3,609,-44
"Scala",2012,2,653,-390
"Scala",2012,1,1043,0
"Scala",2011,4,0,0
"Erlang",2021,4,-215,-209
"Erlang",2021,3,-6,220
"Erlang",2021,2,-226,-466
"Erlang",2021,1,240,-51
"Erlang",2020,4,291,319
"Erlang",2020,3,-28,-33
"Erlang",2020,2,5,60
"Erlang",2020,1,-55,-188
"Erlang",2019,4,133,317
"Erlang",2019,3,-184,-188
"Erlang",2019,2,4,491
"Erlang",2019,1,-487,4
"Erlang",2018,4,-491,-390
"Erlang",2018,3,-101,-40
"Erlang",2018,2,-61,313
"Erlang",2018,1,-374,-596
"Erlang",2017,4,222,331
"Erlang",2017,3,-109,408
"Erlang",2017,2,-517,-561
"Erlang",2017,1,44,-168
"Erlang",2016,4,212,695
"Erlang",2016,3,-483,-580
"Erlang",2016,2,97,87
"Erlang",2016,1,10,273
"Erlang",2015,4,-263,-713
"Erlang",2015,3,450,-194
"Erlang",2015,2,644,126
"Erlang",2015,1,518,238
"Erlang",2014,4,280,437
"Erlang",2014,3,-157,-209
"Erlang",2014,2,52,-110
"Erlang",2014,1,162,-468
"Erlang",2013,4,630,603
"Erlang",2013,3,27,-102
"Erlang",2013,2,129,-33
"Erlang",2013,1,162,7
"Erlang",2012,4,155,167
"Erlang",2012,3,-12,-239
"Erlang",2012,2,227,-53
"Erlang",2012,1,280,0
"Erlang",2011,4,0,0
"HTML",2022,1,-17082,-10757
"HTML",2021,4,-6325,-3686
"HTML",2021,3,-2639,-2952
"HTML",2021,2,313,1791
"HTML",2021,1,-1478,-1845
"HTML",2020,4,367,2970
"HTML",2020,3,-2603,-3014
"HTML",2020,2,411,3291
"HTML",2020,1,-2880,-9002
"HTML",2019,4,6122,9113
"HTML",2019,3,-2991,-1460
"HTML",2019,2,-1531,-1509
"HTML",2019,1,-22,-1903
"HTML",2018,4,1881,4540
"HTML",2018,3,-2659,3390
"HTML",2018,2,-6049,19261
"HTML",2018,1,-25310,-31464
"HTML",2017,4,6154,14611
"HTML",2017,3,-8457,-8829
"HTML",2017,2,372,-2142
"HTML",2017,1,2514,-6839
"HTML",2016,4,9353,17682
"HTML",2016,3,-8329,-6253
"HTML",2016,2,-2076,-9968
"HTML",2016,1,7892,-1875
"HTML",2015,4,9767,-2170
"HTML",2015,3,11937,6188
"HTML",2015,2,5749,-4212
"HTML",2015,1,9961,8945
"HTML",2014,4,1016,-2579
"HTML",2014,3,3595,-391
"HTML",2014,2,3986,2189
"HTML",2014,1,1797,-1126
"HTML",2013,4,2923,2365
"HTML",2013,3,558,-520
"HTML",2013,2,1078,49
"HTML",2013,1,1029,641
"HTML",2012,4,388,83
"HTML",2012,3,305,-449
"HTML",2012,2,754,560
"HTML",2012,1,194,0
"HTML",2011,4,0,0
"Haskell",2021,4,-64,137
"Haskell",2021,3,-201,-198
"Haskell",2021,2,-3,169
"Haskell",2021,1,-172,-113
"Haskell",2020,4,-59,142
"Haskell",2020,3,-201,-265
"Haskell",2020,2,64,-114
"Haskell",2020,1,178,272
"Haskell",2019,4,-94,-62
"Haskell",2019,3,-32,-131
"Haskell",2019,2,99,458
"Haskell",2019,1,-359,314
"Haskell",2018,4,-673,-393
"Haskell",2018,3,-280,389
"Haskell",2018,2,-669,-195
"Haskell",2018,1,-474,466
"Haskell",2017,4,-940,-1745
"Haskell",2017,3,805,453
"Haskell",2017,2,352,-348
"Haskell",2017,1,700,1004
"Haskell",2016,4,-304,-403
"Haskell",2016,3,99,-133
"Haskell",2016,2,232,386
"Haskell",2016,1,-154,112
"Haskell",2015,4,-266,-388
"Haskell",2015,3,122,-281
"Haskell",2015,2,403,-196
"Haskell",2015,1,599,477
"Haskell",2014,4,122,-661
"Haskell",2014,3,783,433
"Haskell",2014,2,350,-72
"Haskell",2014,1,422,336
"Haskell",2013,4,86,-31
"Haskell",2013,3,117,163
"Haskell",2013,2,-46,-153
"Haskell",2013,1,107,-14
"Haskell",2012,4,121,93
"Haskell",2012,3,28,-148
"Haskell",2012,2,176,-92
"Haskell",2012,1,268,0
"Haskell",2011,4,0,0
"Groovy",2021,4,-578,-577
"Groovy",2021,3,-1,769
"Groovy",2021,2,-770,-338
"Groovy",2021,1,-432,316
"Groovy",2020,4,-748,-946
"Groovy",2020,3,198,295
"Groovy",2020,2,-97,-768
"Groovy",2020,1,671,797
"Groovy",2019,4,-126,25
"Groovy",2019,3,-151,-237
"Groovy",2019,2,86,34
"Groovy",2019,1,52,409
"Groovy",2018,4,-357,-296
"Groovy",2018,3,-61,539
"Groovy",2018,2,-600,268
"Groovy",2018,1,-868,-1448
"Groovy",2017,4,580,281
"Groovy",2017,3,299,287
"Groovy",2017,2,12,-1138
"Groovy",2017,1,1150,1108
"Groovy",2016,4,42,749
"Groovy",2016,3,-707,-1442
"Groovy",2016,2,735,-364
"Groovy",2016,1,1099,820
"Groovy",2015,4,279,240
"Groovy",2015,3,39,-423
"Groovy",2015,2,462,-227
"Groovy",2015,1,689,828
"Groovy",2014,4,-139,-370
"Groovy",2014,3,231,248
"Groovy",2014,2,-17,-476
"Groovy",2014,1,459,133
"Groovy",2013,4,326,49
"Groovy",2013,3,277,242
"Groovy",2013,2,35,-74
"Groovy",2013,1,109,103
"Groovy",2012,4,6,-152
"Groovy",2012,3,158,1676
"Groovy",2012,2,-1518,0
"Groovy",2012,1,0,0
"TypeScript",2022,1,-60503,-26027
"TypeScript",2021,4,-34476,-29697
"TypeScript",2021,3,-4779,-12771
"TypeScript",2021,2,7992,10254
"TypeScript",2021,1,-2262,5445
"TypeScript",2020,4,-7707,-3723
"TypeScript",2020,3,-3984,-13140
"TypeScript",2020,2,9156,2428
"TypeScript",2020,1,6728,-117
"TypeScript",2019,4,6845,7296
"TypeScript",2019,3,-451,-3630
"TypeScript",2019,2,3179,-6811
"TypeScript",2019,1,9990,8401
"TypeScript",2018,4,1589,2234
"TypeScript",2018,3,-645,14141
"TypeScript",2018,2,-14786,-9002
"TypeScript",2018,1,-5784,-13766
"TypeScript",2017,4,7982,7478
"TypeScript",2017,3,504,-6282
"TypeScript",2017,2,6786,-8378
"TypeScript",2017,1,15164,5493
"TypeScript",2016,4,9671,2053
"TypeScript",2016,3,7618,-2842
"TypeScript",2016,2,10460,1998
"TypeScript",2016,1,8462,3017
"TypeScript",2015,4,5445,1711
"TypeScript",2015,3,3734,-1214
"TypeScript",2015,2,4948,2295
"TypeScript",2015,1,2653,1008
"TypeScript",2014,4,1645,910
"TypeScript",2014,3,735,-820
"TypeScript",2014,2,1555,988
"TypeScript",2014,1,567,233
"TypeScript",2013,4,334,-93
"TypeScript",2013,3,427,-376
"TypeScript",2013,2,803,344
"TypeScript",2013,1,459,178
"TypeScript",2012,4,281,263
"TypeScript",2012,3,18,480
"TypeScript",2012,2,-462,0
"TypeScript",2012,1,0,0
"CoffeeScript",2021,4,-689,-549
"CoffeeScript",2021,3,-140,138
"CoffeeScript",2021,2,-278,-370
"CoffeeScript",2021,1,92,39
"CoffeeScript",2020,4,53,-121
"CoffeeScript",2020,3,174,502
"CoffeeScript",2020,2,-328,-485
"CoffeeScript",2020,1,157,322
"CoffeeScript",2019,4,-165,-409
"CoffeeScript",2019,3,244,190
"CoffeeScript",2019,2,54,407
"CoffeeScript",2019,1,-353,172
"CoffeeScript",2018,4,-525,-942
"CoffeeScript",2018,3,417,1067
"CoffeeScript",2018,2,-650,321
"CoffeeScript",2018,1,-971,-793
"CoffeeScript",2017,4,-178,1201
"CoffeeScript",2017,3,-1379,88
"CoffeeScript",2017,2,-1467,-630
"CoffeeScript",2017,1,-837,-1635
"CoffeeScript",2016,4,798,2484
"CoffeeScript",2016,3,-1686,-601
"CoffeeScript",2016,2,-1085,-1588
"CoffeeScript",2016,1,503,286
"CoffeeScript",2015,4,217,-325
"CoffeeScript",2015,3,542,-727
"CoffeeScript",2015,2,1269,164
"CoffeeScript",2015,1,1105,1520
"CoffeeScript",2014,4,-415,-735
"CoffeeScript",2014,3,320,-908
"CoffeeScript",2014,2,1228,334
"CoffeeScript",2014,1,894,-772
"CoffeeScript",2013,4,1666,1297
"CoffeeScript",2013,3,369,316
"CoffeeScript",2013,2,53,-536
"CoffeeScript",2013,1,589,541
"CoffeeScript",2012,4,48,-259
"CoffeeScript",2012,3,307,37
"CoffeeScript",2012,2,270,0
"CoffeeScript",2012,1,0,0
"Go",2022,1,-58978,-34531
"Go",2021,4,-24447,-22871
"Go",2021,3,-1576,3203
"Go",2021,2,-4779,1879
"Go",2021,1,-6658,3138
"Go",2020,4,-9796,-4667
"Go",2020,3,-5129,-12317
"Go",2020,2,7188,-2563
"Go",2020,1,9751,10031
"Go",2019,4,-280,-2710
"Go",2019,3,2430,988
"Go",2019,2,1442,-9891
"Go",2019,1,11333,13426
"Go",2018,4,-2093,-4741
"Go",2018,3,2648,18018
"Go",2018,2,-15370,-10319
"Go",2018,1,-5051,-84
"Go",2017,4,-4967,-10352
"Go",2017,3,5385,-487
"Go",2017,2,5872,-3446
"Go",2017,1,9318,2749
"Go",2016,4,6569,3908
"Go",2016,3,2661,274
"Go",2016,2,2387,-10440
"Go",2016,1,12827,4860
"Go",2015,4,7967,-1930
"Go",2015,3,9897,-1339
"Go",2015,2,11236,1212
"Go",2015,1,10024,6539
"Go",2014,4,3485,-3409
"Go",2014,3,6894,3551
"Go",2014,2,3343,1720
"Go",2014,1,1623,157
"Go",2013,4,1466,200
"Go",2013,3,1266,289
"Go",2013,2,977,494
"Go",2013,1,483,168
"Go",2012,4,315,85
"Go",2012,3,230,215
"Go",2012,2,15,0
"Go",2012,1,0,0
"Lua",2021,4,3,670
"Lua",2021,3,-667,-340
"Lua",2021,2,-327,-149
"Lua",2021,1,-178,-413
"Lua",2020,4,235,553
"Lua",2020,3,-318,-588
"Lua",2020,2,270,134
"Lua",2020,1,136,439
"Lua",2019,4,-303,-377
"Lua",2019,3,74,608
"Lua",2019,2,-534,-706
"Lua",2019,1,172,521
"Lua",2018,4,-349,-259
"Lua",2018,3,-90,424
"Lua",2018,2,-514,817
"Lua",2018,1,-1331,-749
"Lua",2017,4,-582,405
"Lua",2017,3,-987,1231
"Lua",2017,2,-2218,-4541
"Lua",2017,1,2323,982
"Lua",2016,4,1341,1412
"Lua",2016,3,-71,95
"Lua",2016,2,-166,-1144
"Lua",2016,1,978,528
"Lua",2015,4,450,507
"Lua",2015,3,-57,-649
"Lua",2015,2,592,-240
"Lua",2015,1,832,726
"Lua",2014,4,106,-390
"Lua",2014,3,496,418
"Lua",2014,2,78,-895
"Lua",2014,1,973,902
"Lua",2013,4,71,-133
"Lua",2013,3,204,-188
"Lua",2013,2,392,558
"Lua",2013,1,-166,-304
"Lua",2012,4,138,41
"Lua",2012,3,97,52
"Lua",2012,2,45,0
"Lua",2012,1,0,0
"Perl",2021,4,-733,-1066
"Perl",2021,3,333,610
"Perl",2021,2,-277,8
"Perl",2021,1,-285,-450
"Perl",2020,4,165,688
"Perl",2020,3,-523,-556
"Perl",2020,2,33,128
"Perl",2020,1,-95,-333
"Perl",2019,4,238,32
"Perl",2019,3,206,423
"Perl",2019,2,-217,-7
"Perl",2019,1,-210,-418
"Perl",2018,4,208,84
"Perl",2018,3,124,601
"Perl",2018,2,-477,299
"Perl",2018,1,-776,-834
"Perl",2017,4,58,146
"Perl",2017,3,-88,709
"Perl",2017,2,-797,-1269
"Perl",2017,1,472,-30
"Perl",2016,4,502,889
"Perl",2016,3,-387,80
"Perl",2016,2,-467,-1114
"Perl",2016,1,647,292
"Perl",2015,4,355,471
"Perl",2015,3,-116,34
"Perl",2015,2,-150,-843
"Perl",2015,1,693,444
"Perl",2014,4,249,-175
"Perl",2014,3,424,192
"Perl",2014,2,232,-467
"Perl",2014,1,699,1032
"Perl",2013,4,-333,132
"Perl",2013,3,-465,-1647
"Perl",2013,2,1182,1002
"Perl",2013,1,180,-152
"Perl",2012,4,332,223
"Perl",2012,3,109,-251
"Perl",2012,2,360,0
"Perl",2012,1,0,0
"ColdFusion",2019,3,47,4
"ColdFusion",2019,2,43,101
"ColdFusion",2018,2,-58,-22
"ColdFusion",2018,1,-36,-130
"ColdFusion",2017,4,94,116
"ColdFusion",2017,3,-22,21
"ColdFusion",2017,2,-43,10
"ColdFusion",2017,1,-53,-89
"ColdFusion",2016,4,36,147
"ColdFusion",2016,3,-111,-16
"ColdFusion",2016,2,-95,-234
"ColdFusion",2016,1,139,123
"ColdFusion",2015,4,16,-91
"ColdFusion",2015,3,107,288
"ColdFusion",2015,2,-181,-264
"ColdFusion",2015,1,83,75
"ColdFusion",2014,4,8,-13
"ColdFusion",2014,3,21,-51
"ColdFusion",2014,2,72,208
"ColdFusion",2014,1,-136,-239
"ColdFusion",2013,4,103,61
"ColdFusion",2013,3,42,30
"ColdFusion",2013,2,12,45
"ColdFusion",2013,1,-33,-65
"ColdFusion",2012,4,32,51
"ColdFusion",2012,3,-19,67
"ColdFusion",2012,2,-86,0
"ColdFusion",2012,1,0,0
"Emacs Lisp",2021,4,-358,305
"Emacs Lisp",2021,3,-663,-595
"Emacs Lisp",2021,2,-68,-412
"Emacs Lisp",2021,1,344,434
"Emacs Lisp",2020,4,-90,684
"Emacs Lisp",2020,3,-774,-1263
"Emacs Lisp",2020,2,489,525
"Emacs Lisp",2020,1,-36,-584
"Emacs Lisp",2019,4,548,535
"Emacs Lisp",2019,3,13,188
"Emacs Lisp",2019,2,-175,-10
"Emacs Lisp",2019,1,-165,-579
"Emacs Lisp",2018,4,414,655
"Emacs Lisp",2018,3,-241,487
"Emacs Lisp",2018,2,-728,-694
"Emacs Lisp",2018,1,-34,-414
"Emacs Lisp",2017,4,380,652
"Emacs Lisp",2017,3,-272,-716
"Emacs Lisp",2017,2,444,390
"Emacs Lisp",2017,1,54,151
"Emacs Lisp",2016,4,-97,123
"Emacs Lisp",2016,3,-220,81
"Emacs Lisp",2016,2,-301,-229
"Emacs Lisp",2016,1,-72,-514
"Emacs Lisp",2015,4,442,318
"Emacs Lisp",2015,3,124,359
"Emacs Lisp",2015,2,-235,-694
"Emacs Lisp",2015,1,459,179
"Emacs Lisp",2014,4,280,324
"Emacs Lisp",2014,3,-44,370
"Emacs Lisp",2014,2,-414,-939
"Emacs Lisp",2014,1,525,482
"Emacs Lisp",2013,4,43,-387
"Emacs Lisp",2013,3,430,385
"Emacs Lisp",2013,2,45,-363
"Emacs Lisp",2013,1,408,422
"Emacs Lisp",2012,4,-14,-44
"Emacs Lisp",2012,3,30,-289
"Emacs Lisp",2012,2,319,0
"Emacs Lisp",2012,1,0,0
"CSS",2021,4,-4251,-3157
"CSS",2021,3,-1094,-1971
"CSS",2021,2,877,821
"CSS",2021,1,56,2284
"CSS",2020,4,-2228,-1336
"CSS",2020,3,-892,-1117
"CSS",2020,2,225,464
"CSS",2020,1,-239,-3222
"CSS",2019,4,2983,4516
"CSS",2019,3,-1533,-1792
"CSS",2019,2,259,869
"CSS",2019,1,-610,-1141
"CSS",2018,4,531,222
"CSS",2018,3,309,5426
"CSS",2018,2,-5117,5299
"CSS",2018,1,-10416,-5888
"CSS",2017,4,-4528,1262
"CSS",2017,3,-5790,-10534
"CSS",2017,2,4744,2714
"CSS",2017,1,2030,346
"CSS",2016,4,1684,5909
"CSS",2016,3,-4225,-1231
"CSS",2016,2,-2994,-10652
"CSS",2016,1,7658,5694
"CSS",2015,4,1964,-4400
"CSS",2015,3,6364,5018
"CSS",2015,2,1346,-2180
"CSS",2015,1,3526,1906
"CSS",2014,4,1620,568
"CSS",2014,3,1052,-977
"CSS",2014,2,2029,152
"CSS",2014,1,1877,-449
"CSS",2013,4,2326,167
"CSS",2013,3,2159,1735
"CSS",2013,2,424,-537
"CSS",2013,1,961,755
"CSS",2012,4,206,39
"CSS",2012,3,167,-167
"CSS",2012,2,334,0
"CSS",2012,1,0,0
"Clojure",2021,4,-720,-793
"Clojure",2021,3,73,145
"Clojure",2021,2,-72,372
"Clojure",2021,1,-444,-59
"Clojure",2020,4,-385,-518
"Clojure",2020,3,133,-29
"Clojure",2020,2,162,293
"Clojure",2020,1,-131,150
"Clojure",2019,4,-281,-152
"Clojure",2019,3,-129,145
"Clojure",2019,2,-274,35
"Clojure",2019,1,-309,-202
"Clojure",2018,4,-107,-20
"Clojure",2018,3,-87,307
"Clojure",2018,2,-394,344
"Clojure",2018,1,-738,-890
"Clojure",2017,4,152,718
"Clojure",2017,3,-566,-169
"Clojure",2017,2,-397,-1021
"Clojure",2017,1,624,596
"Clojure",2016,4,28,569
"Clojure",2016,3,-541,-858
"Clojure",2016,2,317,1197
"Clojure",2016,1,-880,-1944
"Clojure",2015,4,1064,-43
"Clojure",2015,3,1107,795
"Clojure",2015,2,312,-442
"Clojure",2015,1,754,502
"Clojure",2014,4,252,-532
"Clojure",2014,3,784,810
"Clojure",2014,2,-26,-895
"Clojure",2014,1,869,734
"Clojure",2013,4,135,55
"Clojure",2013,3,80,83
"Clojure",2013,2,-3,-44
"Clojure",2013,1,41,-38
"Clojure",2012,4,79,-83
"Clojure",2012,3,162,-11
"Clojure",2012,2,173,0
"Clojure",2012,1,0,0
"Objective-J",2018,2,-191,-456
"Objective-J",2016,1,265,285
"Objective-J",2015,1,-20,-3
"Objective-J",2014,4,-17,-45
"Objective-J",2014,3,28,18
"Objective-J",2014,2,10,156
"Objective-J",2013,2,-146,-254
"Objective-J",2013,1,108,93
"Objective-J",2012,3,15,71
"Objective-J",2012,2,-56,0
"Objective-J",2012,1,0,0
"Elixir",2021,4,-686,-517
"Elixir",2021,3,-169,98
"Elixir",2021,2,-267,204
"Elixir",2021,1,-471,-339
"Elixir",2020,4,-132,456
"Elixir",2020,3,-588,-861
"Elixir",2020,2,273,124
"Elixir",2020,1,149,980
"Elixir",2019,4,-831,-420
"Elixir",2019,3,-411,-1629
"Elixir",2019,2,1218,1812
"Elixir",2019,1,-594,-1533
"Elixir",2018,4,939,810
"Elixir",2018,3,129,400
"Elixir",2018,2,-271,1151
"Elixir",2018,1,-1422,-525
"Elixir",2017,4,-897,-1747
"Elixir",2017,3,850,1571
"Elixir",2017,2,-721,-2340
"Elixir",2017,1,1619,996
"Elixir",2016,4,623,1043
"Elixir",2016,3,-420,-1251
"Elixir",2016,2,831,99
"Elixir",2016,1,732,390
"Elixir",2015,4,342,-370
"Elixir",2015,3,712,55
"Elixir",2015,2,657,416
"Elixir",2015,1,241,487
"Elixir",2014,4,-246,-583
"Elixir",2014,3,337,35
"Elixir",2014,2,302,216
"Elixir",2014,1,86,278
"Elixir",2013,4,-192,-265
"Elixir",2013,3,73,-179
"Elixir",2013,2,252,146
"Elixir",2012,4,106,122
"Elixir",2012,3,-16,-28
"Elixir",2012,2,12,0
"Elixir",2012,1,0,0
"Web Ontology Language",2017,1,36,11
"Web Ontology Language",2015,4,25,0
"Web Ontology Language",2012,1,0,0
"Puppet",2021,4,-27,151
"Puppet",2021,3,-178,-276
"Puppet",2021,2,98,191
"Puppet",2021,1,-93,156
"Puppet",2020,4,-249,-414
"Puppet",2020,3,165,574
"Puppet",2020,2,-409,-527
"Puppet",2020,1,118,99
"Puppet",2019,4,19,275
"Puppet",2019,3,-256,-158
"Puppet",2019,2,-98,-337
"Puppet",2019,1,239,496
"Puppet",2018,4,-257,-561
"Puppet",2018,3,304,834
"Puppet",2018,2,-530,-456
"Puppet",2018,1,-74,461
"Puppet",2017,4,-535,-844
"Puppet",2017,3,309,484
"Puppet",2017,2,-175,-21
"Puppet",2017,1,-154,-119
"Puppet",2016,4,-35,114
"Puppet",2016,3,-149,537
"Puppet",2016,2,-686,-1695
"Puppet",2016,1,1009,1027
"Puppet",2015,4,-18,-74
"Puppet",2015,3,56,598
"Puppet",2015,2,-542,-1073
"Puppet",2015,1,531,162
"Puppet",2014,4,369,233
"Puppet",2014,3,136,151
"Puppet",2014,2,-15,116
"Puppet",2014,1,-131,-805
"Puppet",2013,4,674,191
"Puppet",2013,3,483,338
"Puppet",2013,2,145,79
"Puppet",2013,1,66,-35
"Puppet",2012,4,101,160
"Puppet",2012,3,-59,0
"Puppet",2012,2,0,0
"XSLT",2021,4,-101,-54
"XSLT",2021,3,-47,-55
"XSLT",2021,2,8,-11
"XSLT",2021,1,19,63
"XSLT",2020,4,-44,-132
"XSLT",2020,3,88,94
"XSLT",2020,2,-6,-39
"XSLT",2020,1,33,97
"XSLT",2019,4,-64,-80
"XSLT",2019,3,16,50
"XSLT",2019,2,-34,63
"XSLT",2019,1,-97,23
"XSLT",2018,4,-120,-132
"XSLT",2018,3,12,0
"XSLT",2018,2,12,-44
"XSLT",2018,1,56,156
"XSLT",2017,4,-100,-70
"XSLT",2017,3,-30,177
"XSLT",2017,2,-207,-482
"XSLT",2017,1,275,262
"XSLT",2016,4,13,100
"XSLT",2016,3,-87,53
"XSLT",2016,2,-140,-355
"XSLT",2016,1,215,323
"XSLT",2015,4,-108,-197
"XSLT",2015,3,89,-7
"XSLT",2015,2,96,219
"XSLT",2015,1,-123,-372
"XSLT",2014,4,249,294
"XSLT",2014,3,-45,-12
"XSLT",2014,2,-33,-147
"XSLT",2014,1,114,140
"XSLT",2013,4,-26,-143
"XSLT",2013,3,117,95
"XSLT",2013,2,22,13
"XSLT",2013,1,9,62
"XSLT",2012,3,-53,0
"XSLT",2012,2,0,0
"Vim script",2021,4,-471,-402
"Vim script",2021,3,-69,441
"Vim script",2021,2,-510,-117
"Vim script",2021,1,-393,-361
"Vim script",2020,4,-32,-73
"Vim script",2020,3,41,61
"Vim script",2020,2,-20,-294
"Vim script",2020,1,274,24
"Vim script",2019,4,250,258
"Vim script",2019,3,-8,202
"Vim script",2019,2,-210,-393
"Vim script",2019,1,183,327
"Vim script",2018,4,-144,-300
"Vim script",2018,3,156,516
"Vim script",2018,2,-360,150
"Vim script",2018,1,-510,-721
"Vim script",2017,4,211,527
"Vim script",2017,3,-316,-30
"Vim script",2017,2,-286,-1043
"Vim script",2017,1,757,153
"Vim script",2016,4,604,605
"Vim script",2016,3,-1,-149
"Vim script",2016,2,148,-12
"Vim script",2016,1,160,-107
"Vim script",2015,4,267,238
"Vim script",2015,3,29,15
"Vim script",2015,2,14,-47
"Vim script",2015,1,61,-194
"Vim script",2014,4,255,391
"Vim script",2014,3,-136,-175
"Vim script",2014,2,39,-159
"Vim script",2014,1,198,304
"Vim script",2013,4,-106,-132
"Vim script",2013,3,26,-52
"Vim script",2013,2,78,25
"Vim script",2013,1,53,18
"Vim script",2012,4,35,13
"Vim script",2012,3,22,0
"Vim script",2012,2,0,0
"nesC",2014,2,-201,-245
"nesC",2014,1,44,-390
"nesC",2013,4,434,1067
"nesC",2013,3,-633,-668
"nesC",2013,2,35,-479
"nesC",2013,1,514,436
"nesC",2012,4,78,-49
"nesC",2012,3,127,0
"nesC",2012,2,0,0
"Nix",2022,1,-17315,-15471
"Nix",2021,4,-1844,-3964
"Nix",2021,3,2120,2088
"Nix",2021,2,32,-1986
"Nix",2021,1,2018,-797
"Nix",2020,4,2815,4105
"Nix",2020,3,-1290,-2356
"Nix",2020,2,1066,-417
"Nix",2020,1,1483,795
"Nix",2019,4,688,-506
"Nix",2019,3,1194,557
"Nix",2019,2,637,613
"Nix",2019,1,24,-1209
"Nix",2018,4,1233,1179
"Nix",2018,3,54,1077
"Nix",2018,2,-1023,-4044
"Nix",2018,1,3021,2665
"Nix",2017,4,356,-467
"Nix",2017,3,823,1363
"Nix",2017,2,-540,-1389
"Nix",2017,1,849,1019
"Nix",2016,4,-170,-767
"Nix",2016,3,597,668
"Nix",2016,2,-71,-623
"Nix",2016,1,552,93
"Nix",2015,4,459,279
"Nix",2015,3,180,253
"Nix",2015,2,-73,-592
"Nix",2015,1,519,700
"Nix",2014,4,-181,-628
"Nix",2014,3,447,-46
"Nix",2014,2,493,58
"Nix",2014,1,435,344
"Nix",2013,4,91,-12
"Nix",2013,3,103,-102
"Nix",2013,2,205,89
"Nix",2013,1,116,111
"Nix",2012,4,5,0
"Nix",2012,3,0,0
"VimL",2016,4,47,73
"VimL",2016,3,-26,116
"VimL",2016,2,-142,-74
"VimL",2016,1,-68,-79
"VimL",2015,4,11,65
"VimL",2015,3,-54,-139
"VimL",2015,2,85,-42
"VimL",2015,1,127,131
"VimL",2014,4,-4,41
"VimL",2014,3,-45,-54
"VimL",2014,2,9,-36
"VimL",2014,1,45,234
"VimL",2013,4,-189,-453
"VimL",2013,3,264,252
"VimL",2013,2,12,22
"VimL",2013,1,-10,-40
"VimL",2012,4,30,0
"VimL",2012,3,0,0
"Delphi",2012,4,0,0
"Scheme",2020,2,-123,-176
"Scheme",2019,3,53,44
"Scheme",2019,2,9,5
"Scheme",2019,1,4,-37
"Scheme",2018,4,41,417
"Scheme",2018,3,-376,-670
"Scheme",2018,2,294,277
"Scheme",2018,1,17,69
"Scheme",2017,4,-52,37
"Scheme",2017,3,-89,-182
"Scheme",2017,2,93,105
"Scheme",2017,1,-12,201
"Scheme",2016,4,-213,-265
"Scheme",2016,3,52,10
"Scheme",2016,2,42,92
"Scheme",2016,1,-50,-183
"Scheme",2015,4,133,313
"Scheme",2015,3,-180,-92
"Scheme",2015,2,-88,-347
"Scheme",2015,1,259,328
"Scheme",2014,4,-69,-21
"Scheme",2014,3,-48,-104
"Scheme",2014,2,56,-20
"Scheme",2014,1,76,-57
"Scheme",2013,4,133,107
"Scheme",2013,3,26,18
"Scheme",2013,2,8,0
"Scheme",2012,4,0,0
"Jupyter Notebook",2021,4,-1557,-1514
"Jupyter Notebook",2021,3,-43,1016
"Jupyter Notebook",2021,2,-1059,-652
"Jupyter Notebook",2021,1,-407,296
"Jupyter Notebook",2020,4,-703,-81
"Jupyter Notebook",2020,3,-622,-302
"Jupyter Notebook",2020,2,-320,-1138
"Jupyter Notebook",2020,1,818,444
"Jupyter Notebook",2019,4,374,783
"Jupyter Notebook",2019,3,-409,-1777
"Jupyter Notebook",2019,2,1368,418
"Jupyter Notebook",2019,1,950,925
"Jupyter Notebook",2018,4,25,199
"Jupyter Notebook",2018,3,-174,1745
"Jupyter Notebook",2018,2,-1919,2978
"Jupyter Notebook",2018,1,-4897,-8234
"Jupyter Notebook",2017,4,3337,3789
"Jupyter Notebook",2017,3,-452,-1624
"Jupyter Notebook",2017,2,1172,-1252
"Jupyter Notebook",2017,1,2424,1881
"Jupyter Notebook",2016,4,543,-1326
"Jupyter Notebook",2016,3,1869,2389
"Jupyter Notebook",2016,2,-520,-1913
"Jupyter Notebook",2016,1,1393,887
"Jupyter Notebook",2015,4,506,-1051
"Jupyter Notebook",2015,3,1557,1457
"Jupyter Notebook",2015,2,100,-603
"Jupyter Notebook",2015,1,703,964
"Jupyter Notebook",2014,4,-261,-473
"Jupyter Notebook",2014,3,212,75
"Jupyter Notebook",2014,2,137,-273
"Jupyter Notebook",2014,1,410,418
"Jupyter Notebook",2013,4,-8,-216
"Jupyter Notebook",2013,3,208,166
"Jupyter Notebook",2013,2,42,36
"Jupyter Notebook",2013,1,6,0
"Jupyter Notebook",2012,4,0,0
"TSQL",2021,3,-92,-90
"TSQL",2021,2,-2,50
"TSQL",2021,1,-52,-62
"TSQL",2020,4,10,19
"TSQL",2020,3,-9,177
"TSQL",2020,2,-186,-8
"TSQL",2020,1,-178,-379
"TSQL",2019,4,201,645
"TSQL",2019,3,-444,-463
"TSQL",2019,2,19,-51
"TSQL",2019,1,70,101
"TSQL",2018,4,-31,79
"TSQL",2018,3,-110,-14
"TSQL",2018,2,-96,208
"TSQL",2018,1,-304,-925
"TSQL",2017,4,621,408
"TSQL",2017,3,213,573
"TSQL",2017,2,-360,-570
"TSQL",2017,1,210,229
"TSQL",2016,4,-19,281
"TSQL",2016,3,-300,-633
"TSQL",2016,2,333,486
"TSQL",2016,1,-153,108
"TSQL",2015,4,-261,-524
"TSQL",2015,3,263,398
"TSQL",2015,2,-135,-303
"TSQL",2015,1,168,-212
"TSQL",2014,4,380,529
"TSQL",2014,3,-149,-397
"TSQL",2014,2,248,74
"TSQL",2014,1,174,199
"TSQL",2013,4,-25,-25
"TSQL",2013,3,0,-54
"TSQL",2013,2,54,52
"TSQL",2013,1,2,0
"TSQL",2012,4,0,0
"Common Lisp",2021,3,-60,10
"Common Lisp",2021,2,-70,-96
"Common Lisp",2021,1,26,298
"Common Lisp",2020,4,-272,-374
"Common Lisp",2020,3,102,-131
"Common Lisp",2020,2,233,302
"Common Lisp",2020,1,-69,-158
"Common Lisp",2019,4,89,164
"Common Lisp",2019,3,-75,-146
"Common Lisp",2019,2,71,93
"Common Lisp",2019,1,-22,166
"Common Lisp",2018,4,-188,-323
"Common Lisp",2018,3,135,240
"Common Lisp",2018,2,-105,-36
"Common Lisp",2018,1,-69,427
"Common Lisp",2017,4,-496,-884
"Common Lisp",2017,3,388,281
"Common Lisp",2017,2,107,178
"Common Lisp",2017,1,-71,-189
"Common Lisp",2016,4,118,1052
"Common Lisp",2016,3,-934,-1605
"Common Lisp",2016,2,671,599
"Common Lisp",2016,1,72,-229
"Common Lisp",2015,4,301,313
"Common Lisp",2015,3,-12,48
"Common Lisp",2015,2,-60,-145
"Common Lisp",2015,1,85,73
"Common Lisp",2014,4,12,-115
"Common Lisp",2014,3,127,155
"Common Lisp",2014,2,-28,-30
"Common Lisp",2014,1,2,195
"Common Lisp",2013,3,-193,-422
"Common Lisp",2013,2,229,0
"Common Lisp",2012,4,0,0
"Pascal",2021,4,-119,-198
"Pascal",2021,1,79,64
"Pascal",2020,4,15,52
"Pascal",2020,3,-37,17
"Pascal",2020,2,-54,-143
"Pascal",2019,4,89,81
"Pascal",2019,3,8,19
"Pascal",2019,2,-11,28
"Pascal",2019,1,-39,-104
"Pascal",2018,4,65,138
"Pascal",2018,3,-73,-87
"Pascal",2018,2,14,191
"Pascal",2018,1,-177,-133
"Pascal",2017,4,-44,-118
"Pascal",2017,3,74,457
"Pascal",2017,2,-383,-680
"Pascal",2017,1,297,145
"Pascal",2016,4,152,204
"Pascal",2016,3,-52,67
"Pascal",2016,2,-119,-239
"Pascal",2016,1,120,120
"Pascal",2015,4,0,-128
"Pascal",2015,3,128,103
"Pascal",2015,2,25,17
"Pascal",2015,1,8,36
"Pascal",2014,4,-28,-46
"Pascal",2014,3,18,15
"Pascal",2014,2,3,-37
"Pascal",2014,1,40,111
"Pascal",2013,2,-71,0
"Pascal",2013,1,0,0
"SQF",2019,3,-33,-51
"SQF",2019,2,18,1
"SQF",2019,1,17,57
"SQF",2018,2,-40,210
"SQF",2018,1,-250,-400
"SQF",2017,4,150,303
"SQF",2017,3,-153,-286
"SQF",2017,2,133,278
"SQF",2017,1,-145,-200
"SQF",2016,4,55,93
"SQF",2016,3,-38,-122
"SQF",2016,2,84,-14
"SQF",2016,1,98,183
"SQF",2015,4,-85,-114
"SQF",2015,3,29,90
"SQF",2015,2,-61,-261
"SQF",2015,1,200,246
"SQF",2014,4,-46,0
"SQF",2013,1,0,0
"DM",2021,4,-1078,-1282
"DM",2021,3,204,1438
"DM",2021,2,-1234,-2165
"DM",2021,1,931,2240
"DM",2020,4,-1309,-1796
"DM",2020,3,487,1766
"DM",2020,2,-1279,-1993
"DM",2020,1,714,247
"DM",2019,4,467,842
"DM",2019,3,-375,-1325
"DM",2019,2,950,1126
"DM",2019,1,-176,879
"DM",2018,4,-1055,-700
"DM",2018,3,-355,4675
"DM",2018,2,-5030,-4280
"DM",2018,1,-750,-2523
"DM",2017,4,1773,3771
"DM",2017,3,-1998,-6932
"DM",2017,2,4934,2150
"DM",2017,1,2784,3079
"DM",2016,4,-295,1076
"DM",2016,3,-1371,-1914
"DM",2016,2,543,246
"DM",2016,1,297,-798
"DM",2015,4,1095,797
"DM",2015,3,298,-114
"DM",2015,2,412,-40
"DM",2015,1,452,-304
"DM",2014,4,756,612
"DM",2014,3,144,477
"DM",2014,2,-333,-842
"DM",2014,1,509,363
"DM",2013,4,146,68
"DM",2013,3,78,-598
"DM",2013,2,676,0
"DM",2013,1,0,0
"Kotlin",2021,4,-2211,-1483
"Kotlin",2021,3,-728,100
"Kotlin",2021,2,-828,-820
"Kotlin",2021,1,-8,-99
"Kotlin",2020,4,91,0
"Kotlin",2020,3,91,328
"Kotlin",2020,2,-237,-1238
"Kotlin",2020,1,1001,835
"Kotlin",2019,4,166,732
"Kotlin",2019,3,-566,-1030
"Kotlin",2019,2,464,-800
"Kotlin",2019,1,1264,1361
"Kotlin",2018,4,-97,-1280
"Kotlin",2018,3,1183,2852
"Kotlin",2018,2,-1669,963
"Kotlin",2018,1,-2632,-3722
"Kotlin",2017,4,1090,-539
"Kotlin",2017,3,1629,-13
"Kotlin",2017,2,1642,-336
"Kotlin",2017,1,1978,1907
"Kotlin",2016,4,71,-789
"Kotlin",2016,3,860,562
"Kotlin",2016,2,298,-843
"Kotlin",2016,1,1141,197
"Kotlin",2015,4,944,984
"Kotlin",2015,3,-40,-757
"Kotlin",2015,2,717,1222
"Kotlin",2015,1,-505,-1777
"Kotlin",2014,4,1272,1392
"Kotlin",2014,3,-120,45
"Kotlin",2014,2,-165,-984
"Kotlin",2014,1,819,690
"Kotlin",2013,4,129,-62
"Kotlin",2013,3,191,145
"Kotlin",2013,2,46,0
"Kotlin",2013,1,0,0
"OCaml",2021,4,-216,-205
"OCaml",2021,3,-11,-389
"OCaml",2021,2,378,996
"OCaml",2021,1,-618,-1007
"OCaml",2020,4,389,445
"OCaml",2020,3,-56,-1
"OCaml",2020,2,-55,133
"OCaml",2020,1,-188,-318
"OCaml",2019,4,130,1119
"OCaml",2019,3,-989,-1915
"OCaml",2019,2,926,764
"OCaml",2019,1,162,334
"OCaml",2018,4,-172,-175
"OCaml",2018,3,3,204
"OCaml",2018,2,-201,113
"OCaml",2018,1,-314,-718
"OCaml",2017,4,404,1060
"OCaml",2017,3,-656,-731
"OCaml",2017,2,75,109
"OCaml",2017,1,-34,-497
"OCaml",2016,4,463,666
"OCaml",2016,3,-203,-541
"OCaml",2016,2,338,-255
"OCaml",2016,1,593,233
"OCaml",2015,4,360,620
"OCaml",2015,3,-260,-582
"OCaml",2015,2,322,115
"OCaml",2015,1,207,96
"OCaml",2014,4,111,121
"OCaml",2014,3,-10,-275
"OCaml",2014,2,265,381
"OCaml",2014,1,-116,-387
"OCaml",2013,4,271,164
"OCaml",2013,3,107,-94
"OCaml",2013,2,201,0
"OCaml",2013,1,0,0
"Julia",2021,4,-225,-100
"Julia",2021,3,-125,-170
"Julia",2021,2,45,135
"Julia",2021,1,-90,-174
"Julia",2020,4,84,187
"Julia",2020,3,-103,255
"Julia",2020,2,-358,-888
"Julia",2020,1,530,569
"Julia",2019,4,-39,-169
"Julia",2019,3,130,431
"Julia",2019,2,-301,-363
"Julia",2019,1,62,311
"Julia",2018,4,-249,-652
"Julia",2018,3,403,663
"Julia",2018,2,-260,-90
"Julia",2018,1,-170,68
"Julia",2017,4,-238,446
"Julia",2017,3,-684,-781
"Julia",2017,2,97,-606
"Julia",2017,1,703,1621
"Julia",2016,4,-918,-1292
"Julia",2016,3,374,56
"Julia",2016,2,318,607
"Julia",2016,1,-289,219
"Julia",2015,4,-508,-1451
"Julia",2015,3,943,597
"Julia",2015,2,346,65
"Julia",2015,1,281,380
"Julia",2014,4,-99,-314
"Julia",2014,3,215,219
"Julia",2014,2,-4,-174
"Julia",2014,1,170,8
"Julia",2013,4,162,77
"Julia",2013,3,85,81
"Julia",2013,2,4,0
"Julia",2013,1,0,0
"Smalltalk",2021,3,-71,-167
"Smalltalk",2021,2,96,91
"Smalltalk",2021,1,5,177
"Smalltalk",2020,4,-172,-37
"Smalltalk",2020,3,-135,-494
"Smalltalk",2020,2,359,485
"Smalltalk",2020,1,-126,-62
"Smalltalk",2019,4,-64,16
"Smalltalk",2019,3,-80,-229
"Smalltalk",2019,2,149,189
"Smalltalk",2019,1,-40,65
"Smalltalk",2018,4,-105,-218
"Smalltalk",2018,3,113,111
"Smalltalk",2018,2,2,83
"Smalltalk",2018,1,-81,63
"Smalltalk",2017,4,-144,-283
"Smalltalk",2017,3,139,75
"Smalltalk",2017,2,64,71
"Smalltalk",2017,1,-7,-65
"Smalltalk",2016,4,58,242
"Smalltalk",2016,3,-184,-23
"Smalltalk",2016,2,-161,-476
"Smalltalk",2016,1,315,303
"Smalltalk",2015,4,12,20
"Smalltalk",2015,3,-8,-109
"Smalltalk",2015,2,101,155
"Smalltalk",2015,1,-54,-96
"Smalltalk",2014,4,42,76
"Smalltalk",2014,3,-34,-120
"Smalltalk",2014,2,86,51
"Smalltalk",2014,1,35,67
"Smalltalk",2013,4,-32,-46
"Smalltalk",2013,3,14,-50
"Smalltalk",2013,2,64,0
"Smalltalk",2013,1,0,0
"PowerShell",2021,4,107,343
"PowerShell",2021,3,-236,422
"PowerShell",2021,2,-658,-424
"PowerShell",2021,1,-234,-360
"PowerShell",2020,4,126,372
"PowerShell",2020,3,-246,-305
"PowerShell",2020,2,59,4
"PowerShell",2020,1,55,-109
"PowerShell",2019,4,164,508
"PowerShell",2019,3,-344,-249
"PowerShell",2019,2,-95,-209
"PowerShell",2019,1,114,177
"PowerShell",2018,4,-63,594
"PowerShell",2018,3,-657,-354
"PowerShell",2018,2,-303,266
"PowerShell",2018,1,-569,-347
"PowerShell",2017,4,-222,-214
"PowerShell",2017,3,-8,504
"PowerShell",2017,2,-512,-1498
"PowerShell",2017,1,986,754
"PowerShell",2016,4,232,264
"PowerShell",2016,3,-32,357
"PowerShell",2016,2,-389,-1009
"PowerShell",2016,1,620,226
"PowerShell",2015,4,394,-34
"PowerShell",2015,3,428,-720
"PowerShell",2015,2,1148,862
"PowerShell",2015,1,286,162
"PowerShell",2014,4,124,-1
"PowerShell",2014,3,125,111
"PowerShell",2014,2,14,-113
"PowerShell",2014,1,127,-15
"PowerShell",2013,4,142,118
"PowerShell",2013,3,24,11
"PowerShell",2013,2,13,0
"PowerShell",2013,1,0,0
"ActionScript",2017,2,-7,92
"ActionScript",2016,3,-99,-85
"ActionScript",2016,2,-14,117
"ActionScript",2016,1,-131,-145
"ActionScript",2015,4,14,-22
"ActionScript",2015,3,36,-54
"ActionScript",2015,2,90,100
"ActionScript",2015,1,-10,402
"ActionScript",2014,4,-412,-653
"ActionScript",2014,3,241,114
"ActionScript",2014,2,127,-13
"ActionScript",2014,1,140,117
"ActionScript",2013,4,23,0
"ActionScript",2013,1,0,0
"Dart",2021,4,-2015,-694
"Dart",2021,3,-1321,-670
"Dart",2021,2,-651,-1129
"Dart",2021,1,478,311
"Dart",2020,4,167,-962
"Dart",2020,3,1129,1112
"Dart",2020,2,17,814
"Dart",2020,1,-797,-939
"Dart",2019,4,142,-828
"Dart",2019,3,970,67
"Dart",2019,2,903,-1184
"Dart",2019,1,2087,2735
"Dart",2018,4,-648,-844
"Dart",2018,3,196,133
"Dart",2018,2,63,-877
"Dart",2018,1,940,684
"Dart",2017,4,256,1174
"Dart",2017,3,-918,-1100
"Dart",2017,2,182,-816
"Dart",2017,1,998,308
"Dart",2016,4,690,1146
"Dart",2016,3,-456,-267
"Dart",2016,2,-189,-709
"Dart",2016,1,520,-322
"Dart",2015,4,842,1187
"Dart",2015,3,-345,-1000
"Dart",2015,2,655,47
"Dart",2015,1,608,648
"Dart",2014,4,-40,-31
"Dart",2014,3,-9,-28
"Dart",2014,2,19,-128
"Dart",2014,1,147,-35
"Dart",2013,4,182,127
"Dart",2013,3,55,0
"Dart",2013,2,0,0
"Vala",2021,4,-104,-252
"Vala",2021,3,148,146
"Vala",2021,2,2,6
"Vala",2021,1,-4,-5
"Vala",2020,4,1,237
"Vala",2020,3,-236,-389
"Vala",2020,2,153,162
"Vala",2020,1,-9,-40
"Vala",2019,4,31,3
"Vala",2019,3,28,122
"Vala",2019,2,-94,84
"Vala",2019,1,-178,-381
"Vala",2018,4,203,415
"Vala",2018,3,-212,-223
"Vala",2018,2,11,34
"Vala",2018,1,-23,133
"Vala",2017,4,-156,-181
"Vala",2017,3,25,-334
"Vala",2017,2,359,270
"Vala",2017,1,89,93
"Vala",2016,4,-4,22
"Vala",2016,3,-26,119
"Vala",2016,2,-145,-398
"Vala",2016,1,253,384
"Vala",2015,4,-131,-50
"Vala",2015,3,-81,-194
"Vala",2015,2,113,-38
"Vala",2015,1,151,140
"Vala",2014,3,11,36
"Vala",2014,2,-25,-53
"Vala",2014,1,28,65
"Vala",2013,3,-37,0
"Vala",2013,2,0,0
"Haxe",2021,1,-49,-14
"Haxe",2020,4,-35,13
"Haxe",2020,3,-48,-170
"Haxe",2020,2,122,224
"Haxe",2020,1,-102,-143
"Haxe",2019,4,41,28
"Haxe",2019,3,13,12
"Haxe",2019,2,1,56
"Haxe",2019,1,-55,-11
"Haxe",2018,4,-44,22
"Haxe",2018,3,-66,-44
"Haxe",2018,2,-22,-25
"Haxe",2018,1,3,44
"Haxe",2017,4,-41,203
"Haxe",2017,3,-244,-396
"Haxe",2017,2,152,188
"Haxe",2017,1,-36,174
"Haxe",2016,4,-210,-319
"Haxe",2016,3,109,287
"Haxe",2016,2,-178,-410
"Haxe",2016,1,232,88
"Haxe",2015,4,144,303
"Haxe",2015,3,-159,-296
"Haxe",2015,2,137,-2
"Haxe",2015,1,139,60
"Haxe",2014,4,79,230
"Haxe",2014,3,-151,-283
"Haxe",2014,2,132,-15
"Haxe",2014,1,147,149
"Haxe",2013,4,-2,15
"Haxe",2013,3,-17,0
"Haxe",2013,2,0,0
"Swift",2021,4,-1902,-2429
"Swift",2021,3,527,1130
"Swift",2021,2,-603,439
"Swift",2021,1,-1042,-89
"Swift",2020,4,-953,578
"Swift",2020,3,-1531,-1635
"Swift",2020,2,104,51
"Swift",2020,1,53,-286
"Swift",2019,4,339,3050
"Swift",2019,3,-2711,-3599
"Swift",2019,2,888,1093
"Swift",2019,1,-205,923
"Swift",2018,4,-1128,-1031
"Swift",2018,3,-97,2721
"Swift",2018,2,-2818,2995
"Swift",2018,1,-5813,-5633
"Swift",2017,4,-180,305
"Swift",2017,3,-485,1129
"Swift",2017,2,-1614,-3194
"Swift",2017,1,1580,1573
"Swift",2016,4,7,-2550
"Swift",2016,3,2557,306
"Swift",2016,2,2251,-1707
"Swift",2016,1,3958,520
"Swift",2015,4,3438,703
"Swift",2015,3,2735,194
"Swift",2015,2,2541,1134
"Swift",2015,1,1407,614
"Swift",2014,4,793,-980
"Swift",2014,3,1773,1518
"Swift",2014,2,255,251
"Swift",2014,1,4,-459
"Swift",2013,4,463,0
"Swift",2013,2,0,0
"Raku",2021,4,-36,-72
"Raku",2021,2,36,127
"Raku",2021,1,-91,-159
"Raku",2020,4,68,65
"Raku",2020,3,3,59
"Raku",2020,2,-56,-51
"Raku",2020,1,-5,-31
"Raku",2019,4,26,52
"Raku",2019,3,-26,-105
"Raku",2019,2,79,66
"Raku",2019,1,13,37
"Raku",2018,4,-24,14
"Raku",2018,3,-38,-18
"Raku",2018,2,-20,-25
"Raku",2018,1,5,79
"Raku",2017,4,-74,-129
"Raku",2017,3,55,86
"Raku",2017,2,-31,0
"Raku",2017,1,-31,-56
"Raku",2016,4,25,-4
"Raku",2016,3,29,-2
"Raku",2016,2,31,254
"Raku",2016,1,-223,-410
"Raku",2015,4,187,133
"Raku",2015,3,54,34
"Raku",2015,2,20,-4
"Raku",2015,1,24,0
"Raku",2013,2,0,0
"Rust",2021,4,-1709,-462
"Rust",2021,3,-1247,-725
"Rust",2021,2,-522,861
"Rust",2021,1,-1383,-1185
"Rust",2020,4,-198,2112
"Rust",2020,3,-2310,-3639
"Rust",2020,2,1329,352
"Rust",2020,1,977,1073
"Rust",2019,4,-96,-2129
"Rust",2019,3,2033,1166
"Rust",2019,2,867,172
"Rust",2019,1,695,1229
"Rust",2018,4,-534,-269
"Rust",2018,3,-265,1744
"Rust",2018,2,-2009,-462
"Rust",2018,1,-1547,-573
"Rust",2017,4,-974,-153
"Rust",2017,3,-821,-2167
"Rust",2017,2,1346,-1761
"Rust",2017,1,3107,3233
"Rust",2016,4,-126,829
"Rust",2016,3,-955,-1582
"Rust",2016,2,627,-1897
"Rust",2016,1,2524,3173
"Rust",2015,4,-649,999
"Rust",2015,3,-1648,-2015
"Rust",2015,2,367,-2260
"Rust",2015,1,2627,665
"Rust",2014,4,1962,748
"Rust",2014,3,1214,-226
"Rust",2014,2,1440,1104
"Rust",2014,1,336,3
"Rust",2013,4,333,268
"Rust",2013,3,65,0
"Rust",2013,2,0,0
"Makefile",2021,4,-475,-429
"Makefile",2021,3,-46,644
"Makefile",2021,2,-690,-694
"Makefile",2021,1,4,57
"Makefile",2020,4,-53,-255
"Makefile",2020,3,202,-22
"Makefile",2020,2,224,381
"Makefile",2020,1,-157,-225
"Makefile",2019,4,68,314
"Makefile",2019,3,-246,-659
"Makefile",2019,2,413,385
"Makefile",2019,1,28,111
"Makefile",2018,4,-83,-238
"Makefile",2018,3,155,910
"Makefile",2018,2,-755,-852
"Makefile",2018,1,97,850
"Makefile",2017,4,-753,-1639
"Makefile",2017,3,886,1168
"Makefile",2017,2,-282,-683
"Makefile",2017,1,401,718
"Makefile",2016,4,-317,108
"Makefile",2016,3,-425,-216
"Makefile",2016,2,-209,-605
"Makefile",2016,1,396,-1032
"Makefile",2015,4,1428,1260
"Makefile",2015,3,168,896
"Makefile",2015,2,-728,-1674
"Makefile",2015,1,946,800
"Makefile",2014,4,146,-619
"Makefile",2014,3,765,723
"Makefile",2014,2,42,-261
"Makefile",2014,1,303,373
"Makefile",2013,4,-70,0
"Makefile",2013,3,0,0
"TeX",2021,4,22,39
"TeX",2021,3,-17,134
"TeX",2021,2,-151,-108
"TeX",2021,1,-43,-139
"TeX",2020,4,96,59
"TeX",2020,3,37,91
"TeX",2020,2,-54,-52
"TeX",2020,1,-2,-32
"TeX",2019,4,30,159
"TeX",2019,3,-129,5
"TeX",2019,2,-134,-336
"TeX",2019,1,202,239
"TeX",2018,4,-37,1
"TeX",2018,3,-38,78
"TeX",2018,2,-116,617
"TeX",2018,1,-733,-804
"TeX",2017,4,71,725
"TeX",2017,3,-654,-375
"TeX",2017,2,-279,-1117
"TeX",2017,1,838,619
"TeX",2016,4,219,1566
"TeX",2016,3,-1347,-1780
"TeX",2016,2,433,51
"TeX",2016,1,382,-237
"TeX",2015,4,619,481
"TeX",2015,3,138,-153
"TeX",2015,2,291,203
"TeX",2015,1,88,-112
"TeX",2014,4,200,228
"TeX",2014,3,-28,-31
"TeX",2014,2,3,162
"TeX",2014,1,-159,-441
"TeX",2013,4,282,0
"TeX",2013,3,0,0
"R",2021,4,-200,-1
"R",2021,3,-199,-264
"R",2021,2,65,7
"R",2021,1,58,67
"R",2020,4,-9,354
"R",2020,3,-363,-512
"R",2020,2,149,313
"R",2020,1,-164,-105
"R",2019,4,-59,-28
"R",2019,3,-31,296
"R",2019,2,-327,-568
"R",2019,1,241,537
"R",2018,4,-296,-263
"R",2018,3,-33,1110
"R",2018,2,-1143,-1164
"R",2018,1,21,1347
"R",2017,4,-1326,-1659
"R",2017,3,333,-355
"R",2017,2,688,-46
"R",2017,1,734,753
"R",2016,4,-19,705
"R",2016,3,-724,-809
"R",2016,2,85,-828
"R",2016,1,913,1047
"R",2015,4,-134,-841
"R",2015,3,707,684
"R",2015,2,23,-741
"R",2015,1,764,512
"R",2014,4,252,397
"R",2014,3,-145,-478
"R",2014,2,333,435
"R",2014,1,-102,-418
"R",2013,4,316,0
"R",2013,3,0,0
"Assembly",2021,4,-60,-48
"Assembly",2021,3,-12,26
"Assembly",2021,2,-38,56
"Assembly",2021,1,-94,-204
"Assembly",2020,4,110,193
"Assembly",2020,3,-83,-271
"Assembly",2020,2,188,293
"Assembly",2020,1,-105,-274
"Assembly",2019,4,169,213
"Assembly",2019,3,-44,-119
"Assembly",2019,2,75,151
"Assembly",2019,1,-76,-43
"Assembly",2018,4,-33,-63
"Assembly",2018,3,30,247
"Assembly",2018,2,-217,-272
"Assembly",2018,1,55,68
"Assembly",2017,4,-13,3
"Assembly",2017,3,-16,-94
"Assembly",2017,2,78,52
"Assembly",2017,1,26,-61
"Assembly",2016,4,87,119
"Assembly",2016,3,-32,145
"Assembly",2016,2,-177,288
"Assembly",2016,1,-465,-1113
"Assembly",2015,4,648,693
"Assembly",2015,3,-45,25
"Assembly",2015,2,-70,-180
"Assembly",2015,1,110,154
"Assembly",2014,3,-44,-141
"Assembly",2014,2,97,95
"Assembly",2014,1,2,0
"Assembly",2013,3,0,0
"Mako",2014,1,-32,-32
"Mako",2013,3,0,0
"D",2021,1,1,-35
"D",2020,4,36,42
"D",2020,2,-6,-9
"D",2019,4,3,20
"D",2019,3,-17,1
"D",2019,2,-18,-15
"D",2018,4,-3,-11
"D",2018,3,8,204
"D",2018,2,-196,-186
"D",2018,1,-10,86
"D",2017,4,-96,-25
"D",2017,3,-71,-156
"D",2017,2,85,-21
"D",2017,1,106,102
"D",2016,4,4,143
"D",2016,3,-139,-4
"D",2016,2,-135,-360
"D",2016,1,225,319
"D",2015,4,-94,-184
"D",2015,3,90,52
"D",2015,2,38,50
"D",2015,1,-12,100
"D",2014,4,-112,-318
"D",2014,3,206,259
"D",2014,2,-53,-230
"D",2014,1,177,163
"D",2013,4,14,0
"D",2013,3,0,0
"Fortran",2021,4,-164,-136
"Fortran",2021,3,-28,32
"Fortran",2021,2,-60,-104
"Fortran",2021,1,44,195
"Fortran",2020,4,-151,-144
"Fortran",2020,3,-7,-20
"Fortran",2020,2,13,-102
"Fortran",2020,1,115,126
"Fortran",2019,4,-11,46
"Fortran",2019,3,-57,20
"Fortran",2019,2,-77,-17
"Fortran",2019,1,-60,-171
"Fortran",2018,4,111,340
"Fortran",2018,3,-229,-336
"Fortran",2018,2,107,272
"Fortran",2018,1,-165,-254
"Fortran",2017,4,89,170
"Fortran",2017,3,-81,196
"Fortran",2017,2,-277,-803
"Fortran",2017,1,526,661
"Fortran",2016,4,-135,-310
"Fortran",2016,3,175,373
"Fortran",2016,2,-198,-432
"Fortran",2016,1,234,80
"Fortran",2015,4,154,397
"Fortran",2015,3,-243,-332
"Fortran",2015,2,89,-19
"Fortran",2015,1,108,152
"Fortran",2014,4,-44,-22
"Fortran",2014,3,-22,-368
"Fortran",2014,2,346,281
"Fortran",2014,1,65,0
"Fortran",2013,3,0,0
"F#",2021,4,-161,-241
"F#",2021,3,80,84
"F#",2021,2,-4,108
"F#",2021,1,-112,-220
"F#",2020,4,108,279
"F#",2020,3,-171,-277
"F#",2020,2,106,276
"F#",2020,1,-170,-434
"F#",2019,4,264,444
"F#",2019,3,-180,-108
"F#",2019,2,-72,-209
"F#",2019,1,137,315
"F#",2018,4,-178,-264
"F#",2018,3,86,1060
"F#",2018,2,-974,-1414
"F#",2018,1,440,779
"F#",2017,4,-339,-315
"F#",2017,3,-24,-170
"F#",2017,2,146,144
"F#",2017,1,2,-8
"F#",2016,4,10,557
"F#",2016,3,-547,-829
"F#",2016,2,282,498
"F#",2016,1,-216,-1010
"F#",2015,4,794,699
"F#",2015,3,95,2
"F#",2015,2,93,189
"F#",2015,1,-96,-375
"F#",2014,4,279,204
"F#",2014,3,75,11
"F#",2014,2,64,-242
"F#",2014,1,306,0
"F#",2013,4,0,0
"Logos",2016,2,-32,-32
"Logos",2013,4,0,0
"PLSQL",2020,3,-50,-100
"PLSQL",2020,2,50,4
"PLSQL",2020,1,46,65
"PLSQL",2019,4,-19,34
"PLSQL",2019,3,-53,-69
"PLSQL",2019,2,16,-18
"PLSQL",2019,1,34,106
"PLSQL",2018,4,-72,-80
"PLSQL",2018,3,8,-14
"PLSQL",2018,2,22,51
"PLSQL",2018,1,-29,-4
"PLSQL",2017,4,-25,23
"PLSQL",2017,3,-48,-26
"PLSQL",2017,2,-22,-131
"PLSQL",2017,1,109,81
"PLSQL",2016,4,28,155
"PLSQL",2016,3,-127,-268
"PLSQL",2016,2,141,89
"PLSQL",2016,1,52,49
"PLSQL",2015,4,3,184
"PLSQL",2015,3,-181,13
"PLSQL",2015,2,-194,442
"PLSQL",2015,1,-636,-749
"PLSQL",2014,4,113,-316
"PLSQL",2014,3,429,127
"PLSQL",2014,2,302,0
"PLSQL",2014,1,0,0
"CMake",2021,4,-31,-70
"CMake",2021,3,39,178
"CMake",2021,2,-139,-146
"CMake",2021,1,7,51
"CMake",2020,4,-44,94
"CMake",2020,3,-138,-148
"CMake",2020,2,10,4
"CMake",2020,1,6,-129
"CMake",2019,4,135,311
"CMake",2019,3,-176,-113
"CMake",2019,2,-63,-16
"CMake",2019,1,-47,-208
"CMake",2018,4,161,286
"CMake",2018,3,-125,129
"CMake",2018,2,-254,-41
"CMake",2018,1,-213,-96
"CMake",2017,4,-117,-159
"CMake",2017,3,42,-216
"CMake",2017,2,258,502
"CMake",2017,1,-244,-668
"CMake",2016,4,424,726
"CMake",2016,3,-302,-601
"CMake",2016,2,299,302
"CMake",2016,1,-3,162
"CMake",2015,4,-165,-483
"CMake",2015,3,318,145
"CMake",2015,2,173,350
"CMake",2015,1,-177,-464
"CMake",2014,4,287,191
"CMake",2014,3,96,249
"CMake",2014,2,-153,0
"CMake",2014,1,0,0
"Apex",2019,4,-84,-183
"Apex",2019,3,99,211
"Apex",2019,2,-112,-158
"Apex",2019,1,46,144
"Apex",2018,4,-98,-37
"Apex",2018,3,-61,-388
"Apex",2018,2,327,355
"Apex",2018,1,-28,77
"Apex",2017,4,-105,-235
"Apex",2017,3,130,130
"Apex",2017,2,0,-55
"Apex",2017,1,55,87
"Apex",2016,4,-32,-69
"Apex",2016,3,37,182
"Apex",2016,2,-145,-219
"Apex",2016,1,74,-53
"Apex",2015,4,127,198
"Apex",2015,3,-71,-89
"Apex",2015,2,18,-47
"Apex",2015,1,65,117
"Apex",2014,4,-52,-74
"Apex",2014,3,22,48
"Apex",2014,2,-26,0
"Apex",2014,1,0,0
"QML",2021,4,-9,-7
"QML",2021,3,-2,75
"QML",2021,2,-77,-69
"QML",2020,2,-8,-1
"QML",2020,1,-7,-60
"QML",2019,4,53,75
"QML",2019,3,-22,-27
"QML",2019,2,5,57
"QML",2019,1,-52,-66
"QML",2018,4,14,198
"QML",2018,2,-184,-291
"QML",2018,1,107,159
"QML",2017,4,-52,50
"QML",2017,3,-102,-214
"QML",2017,2,112,144
"QML",2017,1,-32,-3
"QML",2016,4,-29,1
"QML",2016,3,-30,-61
"QML",2016,2,31,41
"QML",2016,1,-10,-8
"QML",2015,4,-2,-47
"QML",2015,3,45,91
"QML",2015,2,-46,-267
"QML",2015,1,221,177
"QML",2014,4,44,13
"QML",2014,3,31,124
"QML",2014,2,-93,0
"QML",2014,1,0,0
"Objective-C++",2021,3,24,49
"Objective-C++",2021,2,-25,6
"Objective-C++",2021,1,-31,-16
"Objective-C++",2019,4,-15,-80
"Objective-C++",2019,3,65,189
"Objective-C++",2019,2,-124,-181
"Objective-C++",2018,2,57,13
"Objective-C++",2018,1,44,36
"Objective-C++",2017,4,8,498
"Objective-C++",2017,3,-490,-130
"Objective-C++",2017,2,-360,-703
"Objective-C++",2017,1,343,442
"Objective-C++",2016,4,-99,-186
"Objective-C++",2016,3,87,14
"Objective-C++",2016,2,73,-35
"Objective-C++",2016,1,108,-33
"Objective-C++",2015,4,141,58
"Objective-C++",2015,3,83,32
"Objective-C++",2015,2,51,-16
"Objective-C++",2015,1,67,73
"Objective-C++",2014,2,-6,0
"Objective-C++",2014,1,0,0
"Pan",2016,4,-30,-30
"Pan",2014,1,0,0
"Tcl",2017,4,13,-43
"Tcl",2017,3,56,42
"Tcl",2017,1,14,314
"Tcl",2016,4,-300,-254
"Tcl",2016,3,-46,-300
"Tcl",2016,2,254,209
"Tcl",2016,1,45,97
"Tcl",2015,4,-52,-160
"Tcl",2015,1,108,136
"Tcl",2014,4,-28,-61
"Tcl",2014,3,33,0
"Tcl",2014,1,0,0
"Liquid",2015,1,-20,4
"Liquid",2014,3,-24,0
"Liquid",2014,2,0,0
"SQLPL",2017,1,-152,-177
"SQLPL",2016,4,25,-69
"SQLPL",2016,2,94,74
"SQLPL",2016,1,20,39
"SQLPL",2015,2,-19,-14
"SQLPL",2014,4,-5,0
"SQLPL",2014,2,0,0
"Racket",2018,3,-24,-120
"Racket",2018,2,96,307
"Racket",2017,4,-211,-401
"Racket",2017,3,190,190
"Racket",2017,2,0,-21
"Racket",2017,1,21,53
"Racket",2016,4,-32,-55
"Racket",2016,3,23,55
"Racket",2016,2,-32,91
"Racket",2016,1,-123,-108
"Racket",2015,4,-15,-122
"Racket",2015,3,107,51
"Racket",2015,2,56,36
"Racket",2015,1,20,0
"Racket",2014,2,0,0
"SQL",2014,2,0,0
"Vim Snippet",2014,3,6,6
"Vim Snippet",2014,2,0,0
"Common Workflow Language",2018,1,-42,-17
"Common Workflow Language",2017,4,-25,-23
"Common Workflow Language",2017,3,-2,-82
"Common Workflow Language",2017,2,80,90
"Common Workflow Language",2017,1,-10,-35
"Common Workflow Language",2016,3,25,22
"Common Workflow Language",2015,4,3,8
"Common Workflow Language",2014,3,-5,0
"Common Workflow Language",2014,2,0,0
"Eagle",2017,1,-81,-171
"Eagle",2016,4,90,118
"Eagle",2016,3,-28,22
"Eagle",2016,2,-50,-67
"Eagle",2016,1,17,-44
"Eagle",2015,4,61,164
"Eagle",2015,3,-103,-204
"Eagle",2015,1,101,0
"Eagle",2014,2,0,0
"Protocol Buffer",2017,3,-2,11
"Protocol Buffer",2017,2,-13,158
"Protocol Buffer",2017,1,-171,-272
"Protocol Buffer",2016,3,101,93
"Protocol Buffer",2016,2,8,32
"Protocol Buffer",2016,1,-24,-104
"Protocol Buffer",2015,4,80,48
"Protocol Buffer",2015,3,32,15
"Protocol Buffer",2015,2,17,16
"Protocol Buffer",2014,4,1,-13
"Protocol Buffer",2014,3,14,0
"Protocol Buffer",2014,2,0,0
"Standard ML",2021,1,15,169
"Standard ML",2020,4,-154,-174
"Standard ML",2018,1,20,7
"Standard ML",2017,4,13,35
"Standard ML",2017,3,-22,-82
"Standard ML",2017,2,60,67
"Standard ML",2017,1,-7,-66
"Standard ML",2016,4,59,93
"Standard ML",2016,3,-34,76
"Standard ML",2016,2,-110,-103
"Standard ML",2016,1,-7,58
"Standard ML",2015,4,-65,-219
"Standard ML",2015,3,154,162
"Standard ML",2015,2,-8,-51
"Standard ML",2015,1,43,-16
"Standard ML",2014,4,59,0
"Standard ML",2014,2,0,0
"SCSS",2021,4,-719,-757
"SCSS",2021,3,38,161
"SCSS",2021,2,-123,-463
"SCSS",2021,1,340,-143
"SCSS",2020,4,483,448
"SCSS",2020,3,35,-100
"SCSS",2020,2,135,-124
"SCSS",2020,1,259,337
"SCSS",2019,4,-78,-105
"SCSS",2019,3,27,-463
"SCSS",2019,2,490,396
"SCSS",2019,1,94,-77
"SCSS",2018,4,171,-37
"SCSS",2018,3,208,506
"SCSS",2018,2,-298,-469
"SCSS",2018,1,171,40
"SCSS",2017,4,131,197
"SCSS",2017,3,-66,171
"SCSS",2017,2,-237,-235
"SCSS",2017,1,-2,-69
"SCSS",2016,4,67,-16
"SCSS",2016,3,83,-64
"SCSS",2016,2,147,23
"SCSS",2016,1,124,-20
"SCSS",2015,4,144,164
"SCSS",2015,3,-20,-138
"SCSS",2015,2,118,205
"SCSS",2015,1,-87,-380
"SCSS",2014,4,293,0
"SCSS",2014,3,0,0
"XQuery",2016,3,-42,-53
"XQuery",2015,1,11,18
"XQuery",2014,4,-7,0
"XQuery",2014,3,0,0
"Dockerfile",2021,4,-524,-584
"Dockerfile",2021,3,60,117
"Dockerfile",2021,2,-57,-217
"Dockerfile",2021,1,160,300
"Dockerfile",2020,4,-140,41
"Dockerfile",2020,3,-181,-110
"Dockerfile",2020,2,-71,-120
"Dockerfile",2020,1,49,-138
"Dockerfile",2019,4,187,144
"Dockerfile",2019,3,43,282
"Dockerfile",2019,2,-239,-183
"Dockerfile",2019,1,-56,29
"Dockerfile",2018,4,-85,35
"Dockerfile",2018,3,-120,536
"Dockerfile",2018,2,-656,-859
"Dockerfile",2018,1,203,-234
"Dockerfile",2017,4,437,528
"Dockerfile",2017,3,-91,-185
"Dockerfile",2017,2,94,-55
"Dockerfile",2017,1,149,-407
"Dockerfile",2016,4,556,423
"Dockerfile",2016,3,133,202
"Dockerfile",2016,2,-69,-230
"Dockerfile",2016,1,161,-11
"Dockerfile",2015,4,172,-69
"Dockerfile",2015,3,241,-20
"Dockerfile",2015,2,261,48
"Dockerfile",2015,1,213,143
"Dockerfile",2014,4,70,0
"Dockerfile",2014,3,0,0
"GCC Machine Description",2016,4,6,74
"GCC Machine Description",2016,1,-68,-20
"GCC Machine Description",2015,4,-48,-163
"GCC Machine Description",2015,3,115,105
"GCC Machine Description",2015,2,10,38
"GCC Machine Description",2014,4,-28,0
"GCC Machine Description",2014,3,0,0
"PLpgSQL",2021,4,-142,-183
"PLpgSQL",2021,3,41,97
"PLpgSQL",2021,2,-56,38
"PLpgSQL",2021,1,-94,-152
"PLpgSQL",2020,4,58,196
"PLpgSQL",2020,3,-138,-278
"PLpgSQL",2020,2,140,187
"PLpgSQL",2020,1,-47,-222
"PLpgSQL",2019,4,175,332
"PLpgSQL",2019,3,-157,-131
"PLpgSQL",2019,2,-26,23
"PLpgSQL",2019,1,-49,222
"PLpgSQL",2018,4,-271,-399
"PLpgSQL",2018,3,128,267
"PLpgSQL",2018,2,-139,-216
"PLpgSQL",2018,1,77,74
"PLpgSQL",2017,4,3,129
"PLpgSQL",2017,3,-126,-423
"PLpgSQL",2017,2,297,315
"PLpgSQL",2017,1,-18,-220
"PLpgSQL",2016,4,202,382
"PLpgSQL",2016,3,-180,-453
"PLpgSQL",2016,2,273,322
"PLpgSQL",2016,1,-49,-57
"PLpgSQL",2015,4,8,-57
"PLpgSQL",2015,3,65,8
"PLpgSQL",2015,2,57,-92
"PLpgSQL",2015,1,149,0
"PLpgSQL",2014,3,0,0
"Xtend",2021,1,57,146
"Xtend",2020,4,-89,-168
"Xtend",2017,3,79,153
"Xtend",2017,2,-74,39
"Xtend",2017,1,-113,-221
"Xtend",2016,4,108,82
"Xtend",2016,3,26,-34
"Xtend",2016,2,60,38
"Xtend",2016,1,22,0
"Xtend",2014,3,0,0
"Matlab",2018,2,-24,165
"Matlab",2018,1,-189,18
"Matlab",2017,4,-207,-27
"Matlab",2017,3,-180,-380
"Matlab",2017,2,200,422
"Matlab",2017,1,-222,-381
"Matlab",2016,4,159,269
"Matlab",2016,3,-110,-212
"Matlab",2016,2,102,-144
"Matlab",2016,1,246,200
"Matlab",2015,4,46,22
"Matlab",2015,3,24,-82
"Matlab",2015,2,106,58
"Matlab",2015,1,48,36
"Matlab",2014,4,12,0
"Matlab",2014,3,0,0
"ApacheConf",2017,2,-67,-124
"ApacheConf",2016,4,57,113
"ApacheConf",2016,3,-56,-53
"ApacheConf",2016,2,-3,1341
"ApacheConf",2016,1,-1344,-1574
"ApacheConf",2015,4,230,-700
"ApacheConf",2015,3,930,1129
"ApacheConf",2015,2,-199,-567
"ApacheConf",2015,1,368,250
"ApacheConf",2014,4,118,0
"ApacheConf",2014,3,0,0
"Arduino",2017,4,-108,-33
"Arduino",2017,3,-75,-81
"Arduino",2017,2,6,-85
"Arduino",2017,1,91,-9
"Arduino",2016,4,100,225
"Arduino",2016,3,-125,-179
"Arduino",2016,2,54,-38
"Arduino",2016,1,92,11
"Arduino",2015,4,81,30
"Arduino",2015,3,51,79
"Arduino",2015,2,-28,-69
"Arduino",2015,1,41,0
"Arduino",2014,3,0,0
"YAML",2021,4,-118,-32
"YAML",2021,3,-86,-202
"YAML",2021,2,116,231
"YAML",2021,1,-115,57
"YAML",2020,4,-172,26
"YAML",2020,3,-198,-91
"YAML",2020,2,-107,-261
"YAML",2020,1,154,-116
"YAML",2019,4,270,332
"YAML",2019,3,-62,-403
"YAML",2019,2,341,332
"YAML",2019,1,9,-81
"YAML",2018,4,90,222
"YAML",2018,3,-132,118
"YAML",2018,2,-250,-370
"YAML",2018,1,120,143
"YAML",2017,4,-23,54
"YAML",2017,3,-77,-178
"YAML",2017,2,101,442
"YAML",2017,1,-341,-404
"YAML",2016,4,63,931
"YAML",2016,3,-868,-1157
"YAML",2016,2,289,89
"YAML",2016,1,200,428
"YAML",2015,4,-228,198
"YAML",2015,3,-426,-1198
"YAML",2015,2,772,507
"YAML",2015,1,265,0
"YAML",2014,4,0,0
"Visual Basic",2021,1,-4,24
"Visual Basic",2020,4,-28,-40
"Visual Basic",2019,2,12,6
"Visual Basic",2019,1,6,7
"Visual Basic",2018,4,-1,-24
"Visual Basic",2018,3,23,241
"Visual Basic",2018,2,-218,38
"Visual Basic",2018,1,-256,4
"Visual Basic",2017,4,-260,1332
"Visual Basic",2017,3,-1592,-1429
"Visual Basic",2017,2,-163,-407
"Visual Basic",2017,1,244,-67
"Visual Basic",2016,4,311,824
"Visual Basic",2016,3,-513,565
"Visual Basic",2016,2,-1078,-2678
"Visual Basic",2016,1,1600,800
"Visual Basic",2015,4,800,543
"Visual Basic",2015,3,257,112
"Visual Basic",2015,2,145,-137
"Visual Basic",2015,1,282,0
"Visual Basic",2014,4,0,0
"Gherkin",2021,3,-38,-41
"Gherkin",2021,2,3,-36
"Gherkin",2021,1,39,49
"Gherkin",2020,4,-10,18
"Gherkin",2020,3,-28,36
"Gherkin",2020,2,-64,61
"Gherkin",2020,1,-125,-257
"Gherkin",2019,4,132,187
"Gherkin",2019,3,-55,15
"Gherkin",2019,2,-70,-182
"Gherkin",2019,1,112,155
"Gherkin",2018,4,-43,-12
"Gherkin",2018,3,-31,255
"Gherkin",2018,2,-286,-311
"Gherkin",2018,1,25,475
"Gherkin",2017,4,-450,-1001
"Gherkin",2017,3,551,753
"Gherkin",2017,2,-202,-391
"Gherkin",2017,1,189,-42
"Gherkin",2016,4,231,401
"Gherkin",2016,3,-170,-395
"Gherkin",2016,2,225,202
"Gherkin",2016,1,23,147
"Gherkin",2015,4,-124,-334
"Gherkin",2015,3,210,234
"Gherkin",2015,2,-24,172
"Gherkin",2015,1,-196,0
"Gherkin",2014,4,0,0
"JSON",2021,4,-41,57
"JSON",2021,3,-98,-220
"JSON",2021,1,122,398
"JSON",2020,3,-276,-395
"JSON",2020,2,119,280
"JSON",2020,1,-161,-458
"JSON",2019,4,297,283
"JSON",2018,1,14,44
"JSON",2017,4,-30,-38
"JSON",2017,3,8,138
"JSON",2017,2,-130,-230
"JSON",2016,2,100,168
"JSON",2016,1,-68,-105
"JSON",2015,4,37,337
"JSON",2015,3,-300,-644
"JSON",2015,2,344,468
"JSON",2015,1,-124,0
"JSON",2014,4,0,0
"PureScript",2021,3,50,489
"PureScript",2021,2,-439,-484
"PureScript",2021,1,45,-285
"PureScript",2020,4,330,418
"PureScript",2020,3,-88,-196
"PureScript",2020,2,108,109
"PureScript",2020,1,-1,-2
"PureScript",2019,3,1,54
"PureScript",2019,2,-53,-106
"PureScript",2019,1,53,118
"PureScript",2018,4,-65,304
"PureScript",2018,3,-369,-677
"PureScript",2018,2,308,445
"PureScript",2018,1,-137,64
"PureScript",2017,4,-201,199
"PureScript",2017,3,-400,-554
"PureScript",2017,2,154,127
"PureScript",2017,1,27,-393
"PureScript",2016,4,420,617
"PureScript",2016,3,-197,-109
"PureScript",2016,2,-88,-164
"PureScript",2016,1,76,151
"PureScript",2015,4,-75,-203
"PureScript",2015,3,128,-45
"PureScript",2015,2,173,18
"PureScript",2015,1,155,0
"PureScript",2014,4,0,0
"ooc",2016,4,74,303
"ooc",2016,3,-229,212
"ooc",2016,2,-441,-127
"ooc",2016,1,-314,-1063
"ooc",2015,4,749,576
"ooc",2015,3,173,77
"ooc",2015,2,96,131
"ooc",2015,1,-35,0
"ooc",2014,4,0,0
"MATLAB",2021,4,-110,-35
"MATLAB",2021,3,-75,-137
"MATLAB",2021,2,62,343
"MATLAB",2021,1,-281,-556
"MATLAB",2020,4,275,425
"MATLAB",2020,3,-150,-199
"MATLAB",2020,2,49,94
"MATLAB",2020,1,-45,-159
"MATLAB",2019,4,114,365
"MATLAB",2019,3,-251,-168
"MATLAB",2019,2,-83,-293
"MATLAB",2019,1,210,247
"MATLAB",2018,4,-37,208
"MATLAB",2018,3,-245,-185
"MATLAB",2018,2,-60,194
"MATLAB",2018,1,-254,-177
"MATLAB",2017,4,-77,54
"MATLAB",2017,3,-131,-394
"MATLAB",2017,2,263,-181
"MATLAB",2017,1,444,243
"MATLAB",2016,4,201,195
"MATLAB",2016,3,6,162
"MATLAB",2016,2,-156,-335
"MATLAB",2016,1,179,175
"MATLAB",2015,4,4,-77
"MATLAB",2015,3,81,-87
"MATLAB",2015,2,168,99
"MATLAB",2015,1,69,0
"MATLAB",2014,4,0,0
"PostScript",2021,1,-10,18
"PostScript",2020,4,-28,-36
"PostScript",2018,2,8,63
"PostScript",2017,4,-55,-123
"PostScript",2017,3,68,129
"PostScript",2017,2,-61,-16
"PostScript",2017,1,-45,-174
"PostScript",2016,2,129,158
"PostScript",2016,1,-29,-5
"PostScript",2015,4,-24,-8
"PostScript",2015,2,-16,-70
"PostScript",2015,1,54,0
"PostScript",2014,4,0,0
"ASP",2017,2,-39,-147
"ASP",2017,1,108,185
"ASP",2016,3,-77,-109
"ASP",2016,2,32,-38
"ASP",2015,1,70,0
"ASP",2014,4,0,0
"Thrift",2015,3,91,-385
"Thrift",2015,2,476,0
"Thrift",2015,1,0,0
"HCL",2021,4,-99,176
"HCL",2021,3,-275,-197
"HCL",2021,2,-78,-52
"HCL",2021,1,-26,58
"HCL",2020,4,-84,-61
"HCL",2020,3,-23,-190
"HCL",2020,2,167,128
"HCL",2020,1,39,-339
"HCL",2019,4,378,394
"HCL",2019,3,-16,5
"HCL",2019,2,-21,-399
"HCL",2019,1,378,591
"HCL",2018,4,-213,-77
"HCL",2018,3,-136,787
"HCL",2018,2,-923,-567
"HCL",2018,1,-356,252
"HCL",2017,4,-608,-925
"HCL",2017,3,317,-1249
"HCL",2017,2,1566,1343
"HCL",2017,1,223,-40
"HCL",2016,4,263,428
"HCL",2016,3,-165,-313
"HCL",2016,2,148,52
"HCL",2016,1,96,4
"HCL",2015,4,92,81
"HCL",2015,3,11,-50
"HCL",2015,2,61,0
"HCL",2015,1,0,0
"SourcePawn",2021,1,8,63
"SourcePawn",2020,4,-55,-112
"SourcePawn",2020,2,57,106
"SourcePawn",2020,1,-49,10
"SourcePawn",2019,3,-59,-140
"SourcePawn",2019,2,81,101
"SourcePawn",2018,4,-20,21
"SourcePawn",2018,3,-41,-67
"SourcePawn",2018,2,26,170
"SourcePawn",2018,1,-144,-147
"SourcePawn",2017,4,3,-105
"SourcePawn",2017,3,108,196
"SourcePawn",2017,2,-88,-107
"SourcePawn",2017,1,19,-31
"SourcePawn",2016,4,50,191
"SourcePawn",2016,3,-141,-255
"SourcePawn",2016,2,114,48
"SourcePawn",2016,1,66,34
"SourcePawn",2015,4,32,47
"SourcePawn",2015,3,-15,0
"SourcePawn",2015,1,0,0
"Rich Text Format",2019,3,-8,-28
"Rich Text Format",2019,2,20,30
"Rich Text Format",2019,1,-10,52
"Rich Text Format",2018,2,-62,-63
"Rich Text Format",2018,1,1,-33
"Rich Text Format",2017,2,34,49
"Rich Text Format",2017,1,-15,-31
"Rich Text Format",2016,4,16,67
"Rich Text Format",2016,3,-51,-97
"Rich Text Format",2016,2,46,0
"Rich Text Format",2015,1,0,0
"Processing",2017,3,-68,-119
"Processing",2017,2,51,44
"Processing",2017,1,7,-2
"Processing",2016,4,9,47
"Processing",2016,2,-38,-46
"Processing",2016,1,8,32
"Processing",2015,4,-24,343
"Processing",2015,3,-367,-754
"Processing",2015,2,387,0
"Processing",2015,1,0,0
"SaltStack",2021,1,10,12
"SaltStack",2020,4,-2,69
"SaltStack",2020,2,-71,-101
"SaltStack",2020,1,30,104
"SaltStack",2019,4,-74,-151
"SaltStack",2019,3,77,46
"SaltStack",2019,2,31,31
"SaltStack",2019,1,0,10
"SaltStack",2018,4,-10,42
"SaltStack",2018,3,-52,-76
"SaltStack",2018,2,24,79
"SaltStack",2018,1,-55,124
"SaltStack",2017,4,-179,-163
"SaltStack",2017,3,-16,-131
"SaltStack",2017,2,115,30
"SaltStack",2017,1,85,118
"SaltStack",2016,4,-33,-97
"SaltStack",2016,3,64,142
"SaltStack",2016,2,-78,-104
"SaltStack",2016,1,26,36
"SaltStack",2015,4,-10,-119
"SaltStack",2015,3,109,0
"SaltStack",2015,1,0,0
"Elm",2021,4,-131,-167
"Elm",2021,3,36,32
"Elm",2021,2,4,-51
"Elm",2021,1,55,78
"Elm",2020,4,-23,-1
"Elm",2020,3,-22,-25
"Elm",2020,2,3,-123
"Elm",2020,1,126,114
"Elm",2019,4,12,38
"Elm",2019,3,-26,-153
"Elm",2019,2,127,176
"Elm",2019,1,-49,77
"Elm",2018,4,-126,-82
"Elm",2018,3,-44,260
"Elm",2018,2,-304,-221
"Elm",2018,1,-83,114
"Elm",2017,4,-197,-104
"Elm",2017,3,-93,-154
"Elm",2017,2,61,189
"Elm",2017,1,-128,-646
"Elm",2016,4,518,625
"Elm",2016,3,-107,-204
"Elm",2016,2,97,-76
"Elm",2016,1,173,93
"Elm",2015,4,80,-101
"Elm",2015,3,181,138
"Elm",2015,2,43,0
"Elm",2015,1,0,0
"Batchfile",2021,4,43,71
"Batchfile",2021,3,-28,-64
"Batchfile",2021,1,36,102
"Batchfile",2020,3,-66,-131
"Batchfile",2020,2,65,75
"Batchfile",2019,4,-10,-13
"Batchfile",2019,3,3,143
"Batchfile",2019,2,-140,-158
"Batchfile",2019,1,18,-45
"Batchfile",2018,4,63,14
"Batchfile",2018,3,49,48
"Batchfile",2018,2,1,139
"Batchfile",2018,1,-138,-102
"Batchfile",2017,4,-36,-68
"Batchfile",2017,3,32,36
"Batchfile",2017,2,-4,51
"Batchfile",2017,1,-55,-89
"Batchfile",2016,4,34,124
"Batchfile",2016,3,-90,-145
"Batchfile",2016,2,55,62
"Batchfile",2016,1,-7,-92
"Batchfile",2015,4,85,-26
"Batchfile",2015,3,111,0
"Batchfile",2015,1,0,0
"Perl 6",2019,3,-36,-29
"Perl 6",2019,2,-7,64
"Perl 6",2019,1,-71,-14
"Perl 6",2018,4,-57,-147
"Perl 6",2018,3,90,23
"Perl 6",2018,2,67,150
"Perl 6",2018,1,-83,41
"Perl 6",2017,4,-124,221
"Perl 6",2017,3,-345,-830
"Perl 6",2017,2,485,646
"Perl 6",2017,1,-161,-220
"Perl 6",2016,4,59,146
"Perl 6",2016,3,-87,-89
"Perl 6",2016,2,2,161
"Perl 6",2016,1,-159,-534
"Perl 6",2015,4,375,464
"Perl 6",2015,3,-89,-220
"Perl 6",2015,2,131,0
"Perl 6",2015,1,0,0
"Smarty",2021,4,-64,-80
"Smarty",2021,3,16,78
"Smarty",2021,2,-62,204
"Smarty",2021,1,-266,-556
"Smarty",2020,4,290,623
"Smarty",2020,3,-333,-525
"Smarty",2020,2,192,219
"Smarty",2020,1,-27,-125
"Smarty",2019,4,98,114
"Smarty",2019,3,-16,-255
"Smarty",2019,2,239,39
"Smarty",2019,1,200,361
"Smarty",2018,4,-161,-275
"Smarty",2018,3,114,177
"Smarty",2018,2,-63,306
"Smarty",2018,1,-369,-499
"Smarty",2017,4,130,155
"Smarty",2017,3,-25,82
"Smarty",2017,2,-107,-496
"Smarty",2017,1,389,211
"Smarty",2016,4,178,213
"Smarty",2016,3,-35,-84
"Smarty",2016,2,49,81
"Smarty",2016,1,-32,-78
"Smarty",2015,4,46,0
"Smarty",2015,1,0,0
"Groff",2017,1,-1,-10
"Groff",2016,2,9,8
"Groff",2015,4,1,29
"Groff",2015,3,-28,-67
"Groff",2015,2,39,0
"Groff",2015,1,0,0
"Hack",2015,1,0,0
"CWeb",2015,1,0,0
"AutoIt",2017,2,-79,94
"AutoIt",2017,1,-173,0
"AutoIt",2015,2,0,0
"Mustache",2020,2,-42,-39
"Mustache",2019,4,-3,-6
"Mustache",2019,3,3,77
"Mustache",2019,2,-74,-145
"Mustache",2019,1,71,90
"Mustache",2018,4,-19,8
"Mustache",2018,3,-27,69
"Mustache",2018,2,-96,-130
"Mustache",2018,1,34,155
"Mustache",2017,4,-121,-87
"Mustache",2017,3,-34,-134
"Mustache",2017,2,100,41
"Mustache",2017,1,59,160
"Mustache",2016,4,-101,-147
"Mustache",2016,3,46,-164
"Mustache",2016,2,210,212
"Mustache",2016,1,-2,116
"Mustache",2015,3,-118,0
"Mustache",2015,2,0,0
"Perl6",2017,2,317,717
"Perl6",2017,1,-400,-919
"Perl6",2016,4,519,675
"Perl6",2016,1,-156,-202
"Perl6",2015,4,46,0
"Perl6",2015,2,0,0
"Cuda",2021,4,-46,-67
"Cuda",2021,3,21,86
"Cuda",2021,2,-65,-134
"Cuda",2021,1,69,130
"Cuda",2020,4,-61,-156
"Cuda",2018,3,95,143
"Cuda",2017,2,-48,-11
"Cuda",2017,1,-37,-110
"Cuda",2016,4,73,61
"Cuda",2016,3,12,92
"Cuda",2016,2,-80,-157
"Cuda",2016,1,77,107
"Cuda",2015,3,-30,0
"Cuda",2015,2,0,0
"GDScript",2020,1,42,60
"GDScript",2018,1,-18,0
"GDScript",2017,4,-18,-45
"GDScript",2017,3,27,0
"GDScript",2015,2,0,0
"Verilog",2021,4,-254,-502
"Verilog",2021,3,248,-13
"Verilog",2021,2,261,148
"Verilog",2021,1,113,105
"Verilog",2020,4,8,166
"Verilog",2020,3,-158,-358
"Verilog",2020,2,200,186
"Verilog",2020,1,14,-84
"Verilog",2019,4,98,125
"Verilog",2017,2,-27,-46
"Verilog",2016,2,19,15
"Verilog",2016,1,4,0
"Verilog",2015,2,0,0
"Jsonnet",2021,4,-72,-184
"Jsonnet",2021,3,112,167
"Jsonnet",2021,2,-55,-199
"Jsonnet",2021,1,144,263
"Jsonnet",2020,4,-119,-95
"Jsonnet",2020,3,-24,12
"Jsonnet",2020,2,-36,17
"Jsonnet",2020,1,-53,-40
"Jsonnet",2019,4,-13,434
"Jsonnet",2019,3,-447,-406
"Jsonnet",2019,2,-41,-410
"Jsonnet",2019,1,369,232
"Jsonnet",2018,4,137,273
"Jsonnet",2018,3,-136,-423
"Jsonnet",2018,2,287,-238
"Jsonnet",2018,1,525,673
"Jsonnet",2017,4,-148,-241
"Jsonnet",2017,1,93,49
"Jsonnet",2016,4,44,103
"Jsonnet",2016,3,-59,51
"Jsonnet",2016,2,-110,-265
"Jsonnet",2016,1,155,110
"Jsonnet",2015,4,45,0
"Jsonnet",2015,2,0,0
"mIRC Script",2021,3,-27,-35
"mIRC Script",2021,2,8,-4
"mIRC Script",2021,1,12,7
"mIRC Script",2020,4,5,48
"mIRC Script",2020,3,-43,22
"mIRC Script",2020,2,-65,20
"mIRC Script",2020,1,-85,-138
"mIRC Script",2019,4,53,85
"mIRC Script",2019,3,-32,-23
"mIRC Script",2019,2,-9,114
"mIRC Script",2019,1,-123,-226
"mIRC Script",2018,4,103,109
"mIRC Script",2018,3,-6,137
"mIRC Script",2018,2,-143,-298
"mIRC Script",2018,1,155,189
"mIRC Script",2017,4,-34,-43
"mIRC Script",2017,3,9,-305
"mIRC Script",2017,2,314,474
"mIRC Script",2017,1,-160,-196
"mIRC Script",2016,4,36,-31
"mIRC Script",2016,3,67,152
"mIRC Script",2016,2,-85,-222
"mIRC Script",2016,1,137,266
"mIRC Script",2015,4,-129,0
"mIRC Script",2015,3,0,0
"Crystal",2021,3,-1,100
"Crystal",2021,2,-101,-159
"Crystal",2021,1,58,-15
"Crystal",2020,4,73,355
"Crystal",2020,3,-282,-485
"Crystal",2020,2,203,277
"Crystal",2020,1,-74,-83
"Crystal",2019,4,9,44
"Crystal",2019,3,-35,-50
"Crystal",2019,2,15,153
"Crystal",2019,1,-138,-130
"Crystal",2018,4,-8,143
"Crystal",2018,3,-151,164
"Crystal",2018,2,-315,-205
"Crystal",2018,1,-110,-499
"Crystal",2017,4,389,519
"Crystal",2017,3,-130,-194
"Crystal",2017,2,64,-61
"Crystal",2017,1,125,-34
"Crystal",2016,4,159,135
"Crystal",2016,3,24,91
"Crystal",2016,2,-67,-250
"Crystal",2016,1,183,80
"Crystal",2015,4,103,0
"Crystal",2015,3,0,0
"BitBake",2021,4,-139,-241
"BitBake",2021,3,102,176
"BitBake",2021,2,-74,-9
"BitBake",2021,1,-65,-179
"BitBake",2020,4,114,204
"BitBake",2020,3,-90,-46
"BitBake",2020,2,-44,-73
"BitBake",2020,1,29,-100
"BitBake",2019,4,129,128
"BitBake",2019,3,1,48
"BitBake",2019,2,-47,-42
"BitBake",2019,1,-5,15
"BitBake",2018,4,-20,18
"BitBake",2018,3,-38,171
"BitBake",2018,2,-209,-363
"BitBake",2018,1,154,323
"BitBake",2017,4,-169,-192
"BitBake",2017,3,23,-116
"BitBake",2017,2,139,155
"BitBake",2017,1,-16,-110
"BitBake",2016,4,94,124
"BitBake",2016,3,-30,-218
"BitBake",2016,2,188,81
"BitBake",2016,1,107,95
"BitBake",2015,4,12,0
"BitBake",2015,3,0,0
"Vue",2021,4,-1339,-1024
"Vue",2021,3,-315,-624
"Vue",2021,2,309,306
"Vue",2021,1,3,885
"Vue",2020,4,-882,-646
"Vue",2020,3,-236,-1059
"Vue",2020,2,823,1880
"Vue",2020,1,-1057,-1252
"Vue",2019,4,195,356
"Vue",2019,3,-161,-726
"Vue",2019,2,565,-229
"Vue",2019,1,794,1323
"Vue",2018,4,-529,244
"Vue",2018,3,-773,571
"Vue",2018,2,-1344,-430
"Vue",2018,1,-914,-1293
"Vue",2017,4,379,-1797
"Vue",2017,3,2176,1984
"Vue",2017,2,192,-34
"Vue",2017,1,226,-1429
"Vue",2016,4,1655,1020
"Vue",2016,3,635,692
"Vue",2016,2,-57,-431
"Vue",2016,1,374,308
"Vue",2015,4,66,0
"Vue",2015,3,0,0
"Jinja",2021,4,96,195
"Jinja",2021,3,-99,22
"Jinja",2021,2,-121,-160
"Jinja",2021,1,39,101
"Jinja",2020,4,-62,-40
"Jinja",2020,3,-22,-86
"Jinja",2020,2,64,-229
"Jinja",2020,1,293,392
"Jinja",2019,4,-99,411
"Jinja",2019,3,-510,-863
"Jinja",2019,2,353,84
"Jinja",2019,1,269,-66
"Jinja",2018,4,335,478
"Jinja",2018,3,-143,-98
"Jinja",2018,2,-45,-212
"Jinja",2018,1,167,195
"Jinja",2017,4,-28,151
"Jinja",2017,3,-179,-297
"Jinja",2017,2,118,76
"Jinja",2017,1,42,-10
"Jinja",2016,4,52,45
"Jinja",2016,3,7,33
"Jinja",2016,2,-26,-30
"Jinja",2016,1,4,-5
"Jinja",2015,4,9,0
"Jinja",2015,3,0,0
"Roff",2021,4,-93,50
"Roff",2021,3,-143,-134
"Roff",2021,2,-9,102
"Roff",2021,1,-111,-565
"Roff",2020,4,454,329
"Roff",2020,3,125,128
"Roff",2020,2,-3,114
"Roff",2020,1,-117,-127
"Roff",2019,4,10,-93
"Roff",2019,3,103,223
"Roff",2019,2,-120,-71
"Roff",2019,1,-49,-247
"Roff",2018,4,198,222
"Roff",2018,3,-24,169
"Roff",2018,2,-193,-82
"Roff",2018,1,-111,-213
"Roff",2017,4,102,66
"Roff",2017,3,36,196
"Roff",2017,2,-160,-462
"Roff",2017,1,302,339
"Roff",2016,4,-37,-10
"Roff",2016,3,-27,-95
"Roff",2016,2,68,-26
"Roff",2016,1,94,82
"Roff",2015,4,12,0
"Roff",2015,3,0,0
"IDL",2015,4,1,1
"IDL",2015,3,0,0
"Mathematica",2018,2,1235,1293
"Mathematica",2017,4,-58,-81
"Mathematica",2017,3,23,15
"Mathematica",2017,2,8,-19
"Mathematica",2016,1,27,0
"Mathematica",2015,3,0,0
"Eiffel",2018,1,-7,-8
"Eiffel",2017,4,1,3
"Eiffel",2016,4,-2,46
"Eiffel",2016,1,-48,0
"Eiffel",2015,4,0,0
"OpenEdge ABL",2019,2,-40,-51
"OpenEdge ABL",2016,4,11,0
"OpenEdge ABL",2015,4,0,0
"LLVM",2020,2,16,43
"LLVM",2020,1,-27,-45
"LLVM",2019,2,18,23
"LLVM",2019,1,-5,-7
"LLVM",2018,2,2,149
"LLVM",2017,4,-147,-266
"LLVM",2016,4,119,0
"LLVM",2015,4,0,0
"GLSL",2021,2,105,134
"GLSL",2021,1,-29,-39
"GLSL",2020,4,10,72
"GLSL",2020,3,-62,-133
"GLSL",2020,2,71,84
"GLSL",2020,1,-13,9
"GLSL",2019,4,-22,24
"GLSL",2019,3,-46,-52
"GLSL",2019,2,6,-47
"GLSL",2019,1,53,35
"GLSL",2018,4,18,84
"GLSL",2018,3,-66,-4
"GLSL",2018,2,-62,-70
"GLSL",2018,1,8,-83
"GLSL",2017,4,91,215
"GLSL",2017,3,-124,-15
"GLSL",2017,2,-109,-198
"GLSL",2017,1,89,91
"GLSL",2016,4,-2,109
"GLSL",2016,3,-111,-40
"GLSL",2016,2,-71,-398
"GLSL",2016,1,327,0
"GLSL",2015,4,0,0
"Markdown",2021,3,-42,-80
"Markdown",2021,2,38,-7
"Markdown",2021,1,45,95
"Markdown",2020,4,-50,-102
"Markdown",2020,3,52,60
"Markdown",2020,1,-8,-6
"Markdown",2019,4,-2,5
"Markdown",2019,1,-7,48
"Markdown",2018,4,-55,-97
"Markdown",2018,3,42,30
"Markdown",2018,2,12,43
"Markdown",2018,1,-31,22
"Markdown",2017,4,-53,-47
"Markdown",2017,2,-6,71
"Markdown",2017,1,-77,-31
"Markdown",2016,3,-46,-39
"Markdown",2016,2,-7,-202
"Markdown",2016,1,195,0
"Markdown",2015,4,0,0
"Slash",2015,4,0,0
"FORTRAN",2016,3,-2,-2
"FORTRAN",2015,4,0,0
"API Blueprint",2017,1,6,57
"API Blueprint",2016,4,-51,0
"API Blueprint",2016,3,-51,-7
"API Blueprint",2016,2,-44,-215
"API Blueprint",2016,1,171,0
"API Blueprint",2015,4,0,0
"RobotFramework",2018,3,329,363
"RobotFramework",2018,2,-34,32
"RobotFramework",2018,1,-66,-166
"RobotFramework",2017,4,100,86
"RobotFramework",2017,3,14,239
"RobotFramework",2017,2,-225,-176
"RobotFramework",2017,1,-49,-203
"RobotFramework",2016,4,154,296
"RobotFramework",2016,3,-142,-179
"RobotFramework",2016,2,37,0
"RobotFramework",2016,1,0,0
"WebAssembly",2021,4,-131,-217
"WebAssembly",2021,3,86,259
"WebAssembly",2021,2,-173,-134
"WebAssembly",2021,1,-39,-129
"WebAssembly",2020,4,90,55
"WebAssembly",2020,3,35,-54
"WebAssembly",2020,2,89,118
"WebAssembly",2020,1,-29,-66
"WebAssembly",2019,4,37,132
"WebAssembly",2019,3,-95,-286
"WebAssembly",2019,2,191,224
"WebAssembly",2019,1,-33,-97
"WebAssembly",2018,4,64,132
"WebAssembly",2018,2,-68,-81
"WebAssembly",2018,1,13,41
"WebAssembly",2017,4,-28,0
"WebAssembly",2017,3,-28,-135
"WebAssembly",2017,2,107,188
"WebAssembly",2017,1,-81,-161
"WebAssembly",2016,4,80,441
"WebAssembly",2016,3,-361,-505
"WebAssembly",2016,2,144,0
"WebAssembly",2016,1,0,0
"Nim",2021,4,-88,-14
"Nim",2021,3,-74,-66
"Nim",2021,2,-8,-134
"Nim",2021,1,126,129
"Nim",2020,4,-3,60
"Nim",2020,3,-63,-85
"Nim",2020,2,22,-51
"Nim",2020,1,73,72
"Nim",2019,4,1,-10
"Nim",2019,3,11,25
"Nim",2019,2,-14,23
"Nim",2019,1,-37,-38
"Nim",2018,4,1,-2
"Nim",2018,3,3,23
"Nim",2018,2,-20,142
"Nim",2018,1,-162,-139
"Nim",2017,4,-23,-89
"Nim",2017,3,66,1
"Nim",2017,2,65,10
"Nim",2017,1,55,147
"Nim",2016,4,-92,-116
"Nim",2016,3,24,50
"Nim",2016,2,-26,0
"Nim",2016,1,0,0
"Cucumber",2016,1,0,0
"SystemVerilog",2021,4,-196,202
"SystemVerilog",2021,3,-398,-413
"SystemVerilog",2021,2,15,-173
"SystemVerilog",2021,1,188,25
"SystemVerilog",2020,4,163,144
"SystemVerilog",2020,3,19,-292
"SystemVerilog",2020,2,311,84
"SystemVerilog",2020,1,227,-527
"SystemVerilog",2019,4,754,286
"SystemVerilog",2019,3,468,489
"SystemVerilog",2019,2,-21,0
"SystemVerilog",2016,1,0,0
"Game Maker Language",2021,4,-1,-1
"Game Maker Language",2016,1,0,0
"NSIS",2017,3,-29,-29
"NSIS",2016,1,0,0
"Nginx",2016,4,-53,-155
"Nginx",2016,3,102,113
"Nginx",2016,2,-11,0
"Nginx",2016,1,0,0
"LiveScript",2016,4,-21,-21
"LiveScript",2016,1,0,0
"Rascal",2017,2,-32,-21
"Rascal",2017,1,-11,15
"Rascal",2016,4,-26,9
"Rascal",2016,3,-35,-139
"Rascal",2016,2,104,0
"Rascal",2016,1,0,0
"Stylus",2021,4,-48,-64
"Stylus",2021,3,16,33
"Stylus",2021,2,-17,-56
"Stylus",2021,1,39,125
"Stylus",2020,4,-86,-81
"Stylus",2020,3,-5,-19
"Stylus",2020,2,14,198
"Stylus",2020,1,-184,-308
"Stylus",2019,4,124,-53
"Stylus",2019,3,177,129
"Stylus",2019,2,48,45
"Stylus",2019,1,3,-31
"Stylus",2018,4,34,58
"Stylus",2018,3,-24,19
"Stylus",2018,2,-43,-55
"Stylus",2018,1,12,-2
"Stylus",2017,4,14,-5
"Stylus",2017,3,19,56
"Stylus",2017,2,-37,-58
"Stylus",2017,1,21,95
"Stylus",2016,4,-74,-161
"Stylus",2016,3,87,72
"Stylus",2016,2,15,0
"Stylus",2016,1,0,0
"YARA",2017,2,-8,-6
"YARA",2016,3,-2,0
"YARA",2016,1,0,0
"Ceylon",2016,1,0,0
"Modelica",2016,1,0,0
"MoonScript",2016,1,0,0
"Prolog",2017,1,-197,-327
"Prolog",2016,4,130,0
"Prolog",2016,2,0,0
"Starlark",2021,4,1024,1401
"Starlark",2021,3,-377,68
"Starlark",2021,2,-445,368
"Starlark",2021,1,-813,1280
"Starlark",2020,4,-2093,-2129
"Starlark",2020,3,36,-1323
"Starlark",2020,2,1359,1692
"Starlark",2020,1,-333,-2594
"Starlark",2019,4,2261,1069
"Starlark",2019,3,1192,-579
"Starlark",2019,2,1771,1076
"Starlark",2019,1,695,496
"Starlark",2018,4,199,-40
"Starlark",2018,3,239,112
"Starlark",2018,2,127,80
"Starlark",2018,1,47,72
"Starlark",2017,4,-25,-93
"Starlark",2017,3,68,-146
"Starlark",2017,2,214,151
"Starlark",2017,1,63,167
"Starlark",2016,4,-104,-203
"Starlark",2016,3,99,0
"Starlark",2016,2,0,0
"Zephir",2016,2,0,0
"SAS",2016,2,0,0
"GAP",2016,2,0,0
"Visual Basic .NET",2021,4,-164,-131
"Visual Basic .NET",2021,3,-33,178
"Visual Basic .NET",2021,2,-211,-435
"Visual Basic .NET",2021,1,224,232
"Visual Basic .NET",2020,4,-8,-39
"Visual Basic .NET",2020,3,31,38
"Visual Basic .NET",2020,2,-7,-143
"Visual Basic .NET",2020,1,136,331
"Visual Basic .NET",2019,4,-195,-258
"Visual Basic .NET",2019,3,63,96
"Visual Basic .NET",2019,2,-33,-43
"Visual Basic .NET",2019,1,10,201
"Visual Basic .NET",2018,4,-191,45
"Visual Basic .NET",2018,3,-236,-527
"Visual Basic .NET",2018,2,291,1234
"Visual Basic .NET",2018,1,-943,-1097
"Visual Basic .NET",2017,4,154,124
"Visual Basic .NET",2017,3,30,-883
"Visual Basic .NET",2017,2,913,923
"Visual Basic .NET",2017,1,-10,-185
"Visual Basic .NET",2016,4,175,0
"Visual Basic .NET",2016,3,0,0
"DIGITAL Command Language",2018,4,-25,25
"DIGITAL Command Language",2017,4,-50,-156
"DIGITAL Command Language",2017,3,106,0
"DIGITAL Command Language",2016,3,0,0
"M4",2021,3,-49,-96
"M4",2021,2,47,105
"M4",2021,1,-58,-115
"M4",2020,2,57,52
"M4",2019,2,5,35
"M4",2019,1,-30,4
"M4",2018,4,-34,-97
"M4",2018,3,63,107
"M4",2018,2,-44,38
"M4",2018,1,-82,-153
"M4",2017,4,71,132
"M4",2017,3,-61,-171
"M4",2017,2,110,112
"M4",2017,1,-2,-11
"M4",2016,4,9,0
"M4",2016,3,0,0
"VHDL",2017,4,-108,-108
"VHDL",2016,4,0,0
"Coq",2021,4,-125,11
"Coq",2021,3,-136,56
"Coq",2021,2,-192,-622
"Coq",2021,1,430,421
"Coq",2020,4,9,73
"Coq",2020,3,-64,-76
"Coq",2020,2,12,19
"Coq",2020,1,-7,50
"Coq",2019,4,-57,-55
"Coq",2019,3,-2,169
"Coq",2019,2,-171,-254
"Coq",2019,1,83,-183
"Coq",2018,4,266,364
"Coq",2018,2,-98,-194
"Coq",2018,1,96,195
"Coq",2017,4,-99,0
"Coq",2016,4,0,0
"1C Enterprise",2017,3,-27,-27
"1C Enterprise",2016,4,0,0
"AGS Script",2016,4,0,0
"Pug",2016,4,0,0
"ABAP",2020,3,172,75
"ABAP",2020,2,97,339
"ABAP",2020,1,-242,-487
"ABAP",2019,4,245,203
"ABAP",2019,3,42,279
"ABAP",2019,2,-237,-383
"ABAP",2019,1,146,367
"ABAP",2018,4,-221,-500
"ABAP",2018,3,279,296
"ABAP",2018,2,-17,-119
"ABAP",2018,1,102,100
"ABAP",2017,4,2,-45
"ABAP",2017,3,47,152
"ABAP",2017,2,-105,-204
"ABAP",2017,1,99,0
"ABAP",2016,4,0,0
"FreeMarker",2020,1,-110,-134
"FreeMarker",2019,4,24,-25
"FreeMarker",2019,3,49,13
"FreeMarker",2019,2,36,311
"FreeMarker",2019,1,-275,-208
"FreeMarker",2018,4,-67,-44
"FreeMarker",2018,3,-23,56
"FreeMarker",2018,2,-79,-383
"FreeMarker",2018,1,304,576
"FreeMarker",2017,4,-272,-399
"FreeMarker",2017,3,127,-226
"FreeMarker",2017,2,353,303
"FreeMarker",2017,1,50,0
"FreeMarker",2016,4,0,0
"KiCad",2017,1,10,10
"KiCad",2016,4,0,0
"AutoHotkey",2017,4,-6,31
"AutoHotkey",2017,3,-37,-85
"AutoHotkey",2017,1,48,0
"AutoHotkey",2016,4,0,0
"Ada",2017,1,0,0
"Component Pascal",2017,1,0,0
"OpenSCAD",2017,2,9,9
"OpenSCAD",2017,1,0,0
"SWIG",2021,4,5,96
"SWIG",2021,1,-91,-116
"SWIG",2020,2,25,48
"SWIG",2020,1,-23,-75
"SWIG",2019,4,52,20
"SWIG",2019,1,32,40
"SWIG",2018,4,-8,14
"SWIG",2018,3,-22,-49
"SWIG",2018,1,27,23
"SWIG",2017,4,4,65
"SWIG",2017,3,-61,-133
"SWIG",2017,2,72,0
"SWIG",2017,1,0,0
"Uno",2018,1,-117,-95
"Uno",2017,4,-22,-239
"Uno",2017,3,217,0
"Uno",2017,2,0,0
"LabVIEW",2017,3,-7,-7
"LabVIEW",2017,2,0,0
"F*",2019,2,-6,-6
"F*",2017,2,0,0
"Meson",2018,2,22,66
"Meson",2018,1,-44,0
"Meson",2017,3,0,0
"PureBasic",2017,3,0,0
"Nunjucks",2021,4,-36,-50
"Nunjucks",2021,2,14,24
"Nunjucks",2020,4,-10,57
"Nunjucks",2020,2,-67,68
"Nunjucks",2019,4,-135,-309
"Nunjucks",2019,3,174,153
"Nunjucks",2019,2,21,164
"Nunjucks",2019,1,-143,-258
"Nunjucks",2018,4,115,71
"Nunjucks",2018,3,44,21
"Nunjucks",2018,2,23,0
"Nunjucks",2017,3,0,0
"COBOL",2017,4,0,0
"UnrealScript",2020,1,18,27
"UnrealScript",2019,2,-9,0
"UnrealScript",2017,4,0,0
"Twig",2018,3,58,58
"Twig",2018,2,0,0
"Lean",2021,4,-85,-327
"Lean",2021,3,242,735
"Lean",2021,2,-493,-858
"Lean",2021,1,365,97
"Lean",2020,4,268,-34
"Lean",2020,3,302,-621
"Lean",2020,2,923,735
"Lean",2020,1,188,182
"Lean",2019,4,6,-64
"Lean",2019,3,70,-132
"Lean",2019,2,202,0
"Lean",2019,1,0,0
"Genshi",2019,4,-1,-1
"Genshi",2019,3,0,0
"Blade",2019,3,0,0
"CodeQL",2021,4,-78,-61
"CodeQL",2021,3,-17,241
"CodeQL",2021,2,-258,-448
"CodeQL",2021,1,190,248
"CodeQL",2020,4,-58,-66
"CodeQL",2020,3,8,-875
"CodeQL",2020,2,883,0
"CodeQL",2020,1,0,0
"q",2020,2,32,32
"q",2020,1,0,0
"Pawn",2021,2,-127,-127
"Pawn",2020,2,0,0
"Reason",2020,2,0,0
"POV-Ray SDL",2021,3,13,13
"POV-Ray SDL",2020,3,0,0
"BlitzBasic",2021,1,0,0
"Svelte",2021,4,46,46
"Svelte",2021,3,0,0
